name,type,start_time,duration,"ack","address","read","data"
"I2C","start",0.00011616,0.00000002,,,,
"I2C","address",0.00011898,0.00003012,true,0x3F,false,
"I2C","data",0.00015884,0.0000301,true,,,0xC0
"I2C","data",0.00019868,0.00003006,true,,,0x00
"I2C","stop",0.00024068,0.00000002,,,,
"I2C","start",0.00024432,0.00000002,,,,
"I2C","address",0.00024714,0.00003012,true,0x3F,false,
"I2C","data",0.000287,0.0000301,true,,,0xC0
"I2C","data",0.00032684,0.00003006,true,,,0x00
"I2C","stop",0.00036884,0.00000002,,,,
"I2C","start",0.0003725,0.00000002,,,,
"I2C","address",0.00037532,0.00003012,true,0x3F,false,
"I2C","data",0.00041518,0.00003008,true,,,0xC0
"I2C","data",0.00045498,0.00003008,true,,,0x00
"I2C","stop",0.000497,0.00000002,,,,
"I2C","start",0.00050066,0.00000002,,,,
"I2C","address",0.00050348,0.00003012,true,0x3F,false,
"I2C","data",0.00054334,0.0000301,true,,,0xC0
"I2C","data",0.00058316,0.00003008,true,,,0x00
"I2C","stop",0.00062518,0.00000002,,,,
"I2C","start",0.00062882,0.00000002,,,,
"I2C","address",0.00063164,0.00003012,true,0x3F,false,
"I2C","data",0.0006715,0.0000301,true,,,0xC0
"I2C","data",0.00071134,0.00003008,true,,,0x04
"I2C","stop",0.00075336,0.00000002,,,,
"I2C","start",0.00075702,0.00000002,,,,
"I2C","address",0.00075984,0.00003012,true,0x3F,false,
"I2C","data",0.0007997,0.0000301,true,,,0xC0
"I2C","data",0.00083952,0.00003014,true,,,0x1A
"I2C","stop",0.0008816,0.00000002,,,,
"I2C","start",0.00088524,0.00000002,,,,
"I2C","address",0.00088806,0.00003012,true,0x3F,false,
"I2C","data",0.00092792,0.0000301,true,,,0xC0
"I2C","data",0.00096774,0.00003014,true,,,0x1C
"I2C","stop",0.00100982,0.00000002,,,,
"I2C","start",0.00101346,0.00000002,,,,
"I2C","address",0.00101628,0.00003012,true,0x3F,false,
"I2C","data",0.00105614,0.0000301,true,,,0xC0
"I2C","data",0.00109596,0.00003008,true,,,0x00
"I2C","stop",0.00113798,0.00000002,,,,
"I2C","start",0.00114164,0.00000002,,,,
"I2C","address",0.00114446,0.00003012,true,0x3F,false,
"I2C","data",0.00118432,0.0000301,true,,,0xC0
"I2C","data",0.00122414,0.00003008,true,,,0x00
"I2C","stop",0.00126616,0.00000002,,,,
"I2C","start",0.0012698,0.00000002,,,,
"I2C","address",0.00127262,0.00003772,true,0x3F,false,
"I2C","data",0.00132008,0.0000301,true,,,0xC0
"I2C","data",0.0013599,0.00003008,true,,,0x00
"I2C","stop",0.00140192,0.00000002,,,,
"I2C","start",0.00140556,0.00000002,,,,
"I2C","address",0.00140838,0.00003012,true,0x3F,false,
"I2C","data",0.00144824,0.00003008,true,,,0xC0
"I2C","data",0.00148804,0.00003008,true,,,0x00
"I2C","stop",0.00153006,0.00000002,,,,
"I2C","start",0.0015337,0.00000002,,,,
"I2C","address",0.00153652,0.00003012,true,0x3F,false,
"I2C","data",0.00157638,0.0000301,true,,,0xC0
"I2C","data",0.0016162,0.00003008,true,,,0x00
"I2C","stop",0.00165822,0.00000002,,,,
"I2C","start",0.00166186,0.00000002,,,,
"I2C","address",0.00166468,0.00003014,true,0x3F,false,
"I2C","data",0.00170456,0.00003008,true,,,0xC0
"I2C","data",0.00174436,0.00003008,true,,,0x00
"I2C","stop",0.00178638,0.00000002,,,,
"I2C","start",0.00179002,0.00000002,,,,
"I2C","address",0.00179284,0.00003012,true,0x3F,false,
"I2C","data",0.0018327,0.0000301,true,,,0xC0
"I2C","data",0.00187252,0.00003008,true,,,0x00
"I2C","stop",0.00191454,0.00000002,,,,
"I2C","start",0.00191818,0.00000002,,,,
"I2C","address",0.001921,0.00003012,true,0x3F,false,
"I2C","data",0.00196086,0.00003008,true,,,0xC0
"I2C","data",0.00200066,0.00003008,true,,,0x00
"I2C","stop",0.00204268,0.00000002,,,,
"I2C","start",0.00204632,0.00000002,,,,
"I2C","address",0.00204914,0.00003012,true,0x3F,false,
"I2C","data",0.002089,0.0000301,true,,,0xC0
"I2C","data",0.00212882,0.00003008,true,,,0x00
"I2C","stop",0.00217082,0.00000002,,,,
"I2C","start",0.00217448,0.00000002,,,,
"I2C","address",0.0021773,0.0000301,true,0x3F,false,
"I2C","data",0.00221714,0.0000301,true,,,0xC0
"I2C","data",0.00225696,0.00003008,true,,,0x00
"I2C","stop",0.00229898,0.00000002,,,,
"I2C","start",0.00230262,0.00000002,,,,
"I2C","address",0.00230544,0.00003012,true,0x3F,false,
"I2C","data",0.0023453,0.0000301,true,,,0xC0
"I2C","data",0.00238512,0.0000301,true,,,0x12
"I2C","stop",0.00242716,0.00000002,,,,
"I2C","start",0.00243082,0.00000002,,,,
"I2C","address",0.00243364,0.00003012,true,0x3F,false,
"I2C","data",0.0024735,0.00003008,true,,,0xC0
"I2C","data",0.0025133,0.00003014,true,,,0x1E
"I2C","stop",0.00255538,0.00000002,,,,
"I2C","start",0.00255904,0.00000002,,,,
"I2C","address",0.00256184,0.00003014,true,0x3F,false,
"I2C","data",0.00260172,0.00003008,true,,,0xC0
"I2C","data",0.00264152,0.00003014,true,,,0x1E
"I2C","stop",0.0026836,0.00000002,,,,
"I2C","start",0.00268726,0.00000002,,,,
"I2C","address",0.00269008,0.00003012,true,0x3F,false,
"I2C","data",0.00272994,0.0000301,true,,,0xC0
"I2C","data",0.00276978,0.00003014,true,,,0x1E
"I2C","stop",0.00281186,0.00000002,,,,
"I2C","start",0.0028155,0.00000002,,,,
"I2C","address",0.00281832,0.00003012,true,0x3F,false,
"I2C","data",0.00285818,0.0000301,true,,,0xC0
"I2C","data",0.00289802,0.0000301,true,,,0x06
"I2C","stop",0.00294006,0.00000002,,,,
"I2C","start",0.0029437,0.00000002,,,,
"I2C","address",0.00294652,0.00003012,true,0x3F,false,
"I2C","data",0.00298638,0.00003008,true,,,0xC0
"I2C","data",0.0030262,0.00003012,true,,,0x1C
"I2C","stop",0.00306826,0.00000002,,,,
"I2C","start",0.00307192,0.00000002,,,,
"I2C","address",0.00307474,0.00003012,true,0x3F,false,
"I2C","data",0.0031146,0.0000301,true,,,0xC0
"I2C","data",0.00315442,0.00003012,true,,,0x16
"I2C","stop",0.00319648,0.00000002,,,,
"I2C","start",0.00320014,0.00000002,,,,
"I2C","address",0.00320296,0.00003012,true,0x3F,false,
"I2C","data",0.00324282,0.0000301,true,,,0xC0
"I2C","data",0.00328264,0.00003012,true,,,0x1A
"I2C","stop",0.00332472,0.00000002,,,,
"I2C","start",0.00332836,0.00000002,,,,
"I2C","address",0.00333118,0.00003014,true,0x3F,false,
"I2C","data",0.00337106,0.0000301,true,,,0xC0
"I2C","data",0.00341088,0.00003012,true,,,0x0A
"I2C","stop",0.00345294,0.00000002,,,,
"I2C","start",0.00345658,0.00000002,,,,
"I2C","address",0.0034594,0.00003012,true,0x3F,false,
"I2C","data",0.00349926,0.0000301,true,,,0xC0
"I2C","data",0.0035391,0.00003006,true,,,0x00
"I2C","stop",0.0035811,0.00000002,,,,
"I2C","start",0.00358476,0.00000002,,,,
"I2C","address",0.00358758,0.00003012,true,0x3F,false,
"I2C","data",0.00362744,0.00003008,true,,,0xC0
"I2C","data",0.00366726,0.00003008,true,,,0x00
"I2C","stop",0.00370928,0.00000002,,,,
"I2C","start",0.00371292,0.00000002,,,,
"I2C","address",0.00371574,0.00003012,true,0x3F,false,
"I2C","data",0.00375562,0.00003008,true,,,0xC0
"I2C","data",0.00379542,0.00003008,true,,,0x00
"I2C","stop",0.00383742,0.00000002,,,,
"I2C","start",0.00384108,0.00000002,,,,
"I2C","address",0.0038439,0.00003012,true,0x3F,false,
"I2C","data",0.00388376,0.00003008,true,,,0xC0
"I2C","data",0.00392356,0.00003008,true,,,0x00
"I2C","stop",0.00396558,0.00000002,,,,
"I2C","start",0.00396922,0.00000002,,,,
"I2C","address",0.00397204,0.00003014,true,0x3F,false,
"I2C","data",0.00401192,0.00003008,true,,,0xC0
"I2C","data",0.00405174,0.00003008,true,,,0x00
"I2C","stop",0.00409376,0.00000002,,,,
"I2C","start",0.0040974,0.00000002,,,,
"I2C","address",0.00410022,0.00003012,true,0x3F,false,
"I2C","data",0.00414008,0.0000301,true,,,0xC0
"I2C","data",0.0041799,0.0000301,true,,,0x0A
"I2C","stop",0.00422194,0.00000002,,,,
"I2C","start",0.00422558,0.00000002,,,,
"I2C","address",0.0042284,0.00003014,true,0x3F,false,
"I2C","data",0.00426826,0.0000301,true,,,0xC0
"I2C","data",0.00430808,0.00003008,true,,,0x00
"I2C","stop",0.0043501,0.00000002,,,,
"I2C","start",0.00435374,0.00000002,,,,
"I2C","address",0.00435656,0.00003012,true,0x3F,false,
"I2C","data",0.00439642,0.00003008,true,,,0xC0
"I2C","data",0.00443624,0.00003008,true,,,0x00
"I2C","stop",0.00447826,0.00000002,,,,
"I2C","start",0.0044819,0.00000002,,,,
"I2C","address",0.00448472,0.00003012,true,0x3F,false,
"I2C","data",0.0045246,0.00003008,true,,,0xC0
"I2C","data",0.00456442,0.00003006,true,,,0x00
"I2C","stop",0.00460642,0.00000002,,,,
"I2C","start",0.00461006,0.00000002,,,,
"I2C","address",0.00461288,0.00003014,true,0x3F,false,
"I2C","data",0.00465276,0.0000301,true,,,0xC0
"I2C","data",0.00469258,0.00003008,true,,,0x00
"I2C","stop",0.0047346,0.00000002,,,,
"I2C","start",0.00473824,0.00000002,,,,
"I2C","address",0.00474108,0.00003012,true,0x3F,false,
"I2C","data",0.00478094,0.0000301,true,,,0xC0
"I2C","data",0.00482076,0.00003008,true,,,0x00
"I2C","stop",0.00486278,0.00000002,,,,
"I2C","start",0.00486642,0.00000002,,,,
"I2C","address",0.00486924,0.00003012,true,0x3F,false,
"I2C","data",0.0049091,0.0000301,true,,,0xC0
"I2C","data",0.00494892,0.00003008,true,,,0x00
"I2C","stop",0.00499096,0.00000002,,,,
"I2C","start",0.0049946,0.00000002,,,,
"I2C","address",0.00499742,0.00003012,true,0x3F,false,
"I2C","data",0.00503728,0.0000301,true,,,0xC0
"I2C","data",0.0050771,0.00003012,true,,,0x06
"I2C","stop",0.00511916,0.00000002,,,,
"I2C","start",0.0051228,0.00000002,,,,
"I2C","address",0.00512562,0.00003014,true,0x3F,false,
"I2C","data",0.0051655,0.0000301,true,,,0xC0
"I2C","data",0.00520534,0.00003012,true,,,0x0A
"I2C","stop",0.0052474,0.00000002,,,,
"I2C","start",0.00525104,0.00000002,,,,
"I2C","address",0.00525386,0.00003014,true,0x3F,false,
"I2C","data",0.00529374,0.0000301,true,,,0xC0
"I2C","data",0.00533356,0.00003014,true,,,0x1E
"I2C","stop",0.00537566,0.00000002,,,,
"I2C","start",0.0053793,0.00000002,,,,
"I2C","address",0.00538212,0.00003014,true,0x3F,false,
"I2C","data",0.005422,0.0000301,true,,,0xC0
"I2C","data",0.00546182,0.00003012,true,,,0x0A
"I2C","stop",0.0055039,0.00000002,,,,
"I2C","start",0.00550754,0.00000002,,,,
"I2C","address",0.00551036,0.00003014,true,0x3F,false,
"I2C","data",0.00555024,0.0000301,true,,,0xC0
"I2C","data",0.00559008,0.00003014,true,,,0x1E
"I2C","stop",0.00563216,0.00000002,,,,
"I2C","start",0.00563582,0.00000002,,,,
"I2C","address",0.00563864,0.00003012,true,0x3F,false,
"I2C","data",0.00567852,0.0000301,true,,,0xC0
"I2C","data",0.00571834,0.00003012,true,,,0x12
"I2C","stop",0.0057604,0.00000002,,,,
"I2C","start",0.00576404,0.00000002,,,,
"I2C","address",0.00576686,0.00003014,true,0x3F,false,
"I2C","data",0.00580674,0.0000301,true,,,0xC0
"I2C","data",0.00584656,0.00003016,true,,,0x1E
"I2C","stop",0.00588866,0.00000002,,,,
"I2C","start",0.0058923,0.00000002,,,,
"I2C","address",0.00589512,0.00003014,true,0x3F,false,
"I2C","data",0.005935,0.0000301,true,,,0xC0
"I2C","data",0.00597484,0.00003012,true,,,0x0C
"I2C","stop",0.0060169,0.00000002,,,,
"I2C","start",0.00602054,0.00000002,,,,
"I2C","address",0.00602336,0.00003014,true,0x3F,false,
"I2C","data",0.00606324,0.0000301,true,,,0xC0
"I2C","data",0.00610308,0.00003008,true,,,0x00
"I2C","stop",0.0061451,0.00000002,,,,
"I2C","start",0.00614876,0.00000002,,,,
"I2C","address",0.00615158,0.00003012,true,0x3F,false,
"I2C","data",0.00619144,0.0000301,true,,,0xC0
"I2C","data",0.00623126,0.00003008,true,,,0x00
"I2C","stop",0.00627328,0.00000002,,,,
"I2C","start",0.00627694,0.00000002,,,,
"I2C","address",0.00627974,0.00003014,true,0x3F,false,
"I2C","data",0.00631962,0.0000301,true,,,0xC0
"I2C","data",0.00635944,0.00003008,true,,,0x00
"I2C","stop",0.00640146,0.00000002,,,,
"I2C","start",0.0064051,0.00000002,,,,
"I2C","address",0.00640792,0.00003014,true,0x3F,false,
"I2C","data",0.0064478,0.0000301,true,,,0xC0
"I2C","data",0.00648762,0.00003008,true,,,0x00
"I2C","stop",0.00652964,0.00000002,,,,
"I2C","start",0.00653328,0.00000002,,,,
"I2C","address",0.0065361,0.00003014,true,0x3F,false,
"I2C","data",0.00657598,0.00003008,true,,,0xC0
"I2C","data",0.0066158,0.00003006,true,,,0x00
"I2C","stop",0.0066578,0.00000002,,,,
"I2C","start",0.00666146,0.00000002,,,,
"I2C","address",0.00666428,0.00003012,true,0x3F,false,
"I2C","data",0.00670414,0.0000301,true,,,0xC0
"I2C","data",0.00674396,0.00003008,true,,,0x00
"I2C","stop",0.00678598,0.00000002,,,,
"I2C","start",0.00678964,0.00000002,,,,
"I2C","address",0.00679246,0.00003012,true,0x3F,false,
"I2C","data",0.00683234,0.00003008,true,,,0xC0
"I2C","data",0.00687216,0.00003006,true,,,0x00
"I2C","stop",0.00691418,0.00000002,,,,
"I2C","start",0.00691782,0.00000002,,,,
"I2C","address",0.00692064,0.00003012,true,0x3F,false,
"I2C","data",0.0069605,0.0000301,true,,,0xC0
"I2C","data",0.00700032,0.00003008,true,,,0x00
"I2C","stop",0.00704234,0.00000002,,,,
"I2C","start",0.007046,0.00000002,,,,
"I2C","address",0.00704882,0.00003014,true,0x3F,false,
"I2C","data",0.0070887,0.0000301,true,,,0xC0
"I2C","data",0.00712852,0.00003008,true,,,0x00
"I2C","stop",0.00717056,0.00000002,,,,
"I2C","start",0.0071742,0.00000002,,,,
"I2C","address",0.00717702,0.00003012,true,0x3F,false,
"I2C","data",0.00721688,0.0000301,true,,,0xC0
"I2C","data",0.00725672,0.00003008,true,,,0x00
"I2C","stop",0.00729874,0.00000002,,,,
"I2C","start",0.00730238,0.00000002,,,,
"I2C","address",0.0073052,0.00003012,true,0x3F,false,
"I2C","data",0.00734506,0.0000301,true,,,0xC0
"I2C","data",0.0073849,0.00003008,true,,,0x00
"I2C","stop",0.00742692,0.00000002,,,,
"I2C","start",0.00743056,0.00000002,,,,
"I2C","address",0.0074334,0.00003012,true,0x3F,false,
"I2C","data",0.00747326,0.0000301,true,,,0xC0
"I2C","data",0.00751308,0.00003008,true,,,0x00
"I2C","stop",0.0075551,0.00000002,,,,
"I2C","start",0.00755874,0.00000002,,,,
"I2C","address",0.00756156,0.00003012,true,0x3F,false,
"I2C","data",0.00760142,0.0000301,true,,,0xC0
"I2C","data",0.00764126,0.00003008,true,,,0x00
"I2C","stop",0.00768328,0.00000002,,,,
"I2C","start",0.00768692,0.00000002,,,,
"I2C","address",0.00768974,0.00003014,true,0x3F,false,
"I2C","data",0.00772962,0.00003008,true,,,0xC0
"I2C","data",0.00776944,0.00003008,true,,,0x00
"I2C","stop",0.00781146,0.00000002,,,,
"I2C","start",0.0078151,0.00000002,,,,
"I2C","address",0.00781792,0.00003014,true,0x3F,false,
"I2C","data",0.0078578,0.00003008,true,,,0xC0
"I2C","data",0.00789762,0.00003008,true,,,0x00
"I2C","stop",0.00793964,0.00000002,,,,
"I2C","start",0.00794328,0.00000002,,,,
"I2C","address",0.0079461,0.00003014,true,0x3F,false,
"I2C","data",0.00798598,0.00003008,true,,,0xC0
"I2C","data",0.0080258,0.00003008,true,,,0x00
"I2C","stop",0.00806782,0.00000002,,,,
"I2C","start",0.00807146,0.00000002,,,,
"I2C","address",0.00807428,0.00003014,true,0x3F,false,
"I2C","data",0.00811416,0.00003008,true,,,0xC0
"I2C","data",0.00815398,0.00003008,true,,,0x00
"I2C","stop",0.008196,0.00000002,,,,
"I2C","start",0.00819964,0.00000002,,,,
"I2C","address",0.00820246,0.00003012,true,0x3F,false,
"I2C","data",0.00824234,0.00003008,true,,,0xC0
"I2C","data",0.00828214,0.00003008,true,,,0x00
"I2C","stop",0.00832418,0.00000002,,,,
"I2C","start",0.00832782,0.00000002,,,,
"I2C","address",0.00833064,0.00003012,true,0x3F,false,
"I2C","data",0.00837052,0.00003008,true,,,0xC0
"I2C","data",0.00841034,0.00003008,true,,,0x00
"I2C","stop",0.00845236,0.00000002,,,,
"I2C","start",0.02647512,0.00000002,,,,
"I2C","address",0.02647798,0.00003012,true,0x3F,false,
"I2C","data",0.02651784,0.00003008,true,,,0x80
"I2C","data",0.02655766,0.0000301,true,,,0xB0
"I2C","stop",0.0265997,0.00000002,,,,
"I2C","start",0.02660292,0.00000002,,,,
"I2C","address",0.02660578,0.00003012,true,0x3F,false,
"I2C","data",0.02664564,0.00003008,true,,,0x80
"I2C","data",0.02668544,0.00003008,true,,,0x10
"I2C","stop",0.02672746,0.00000002,,,,
"I2C","start",0.02673072,0.00000002,,,,
"I2C","address",0.02673358,0.00003012,true,0x3F,false,
"I2C","data",0.02677344,0.00003006,true,,,0x80
"I2C","data",0.02681322,0.00003008,true,,,0x00
"I2C","stop",0.02685524,0.00000002,,,,
"I2C","start",0.02685876,0.00000002,,,,
"I2C","address",0.02686162,0.00003012,true,0x3F,false,
"I2C","data",0.02690146,0.0000301,true,,,0xC0
"I2C","data",0.02694128,0.00003008,true,,,0x00
"I2C","stop",0.0269833,0.00000002,,,,
"I2C","start",0.02698694,0.00000002,,,,
"I2C","address",0.02698976,0.0000301,true,0x3F,false,
"I2C","data",0.0270296,0.0000301,true,,,0xC0
"I2C","data",0.02706942,0.00003006,true,,,0x00
"I2C","stop",0.02711142,0.00000002,,,,
"I2C","start",0.02711508,0.00000002,,,,
"I2C","address",0.02711788,0.00003012,true,0x3F,false,
"I2C","data",0.02715774,0.0000301,true,,,0xC0
"I2C","data",0.02719756,0.00003006,true,,,0x00
"I2C","stop",0.02723956,0.00000002,,,,
"I2C","start",0.0272432,0.00000002,,,,
"I2C","address",0.02724602,0.0000301,true,0x3F,false,
"I2C","data",0.02728586,0.00003008,true,,,0xC0
"I2C","data",0.02732568,0.00003006,true,,,0x00
"I2C","stop",0.02736768,0.00000002,,,,
"I2C","start",0.02737132,0.00000002,,,,
"I2C","address",0.02737414,0.0000301,true,0x3F,false,
"I2C","data",0.02741398,0.0000301,true,,,0xC0
"I2C","data",0.0274538,0.00003006,true,,,0x00
"I2C","stop",0.0274958,0.00000002,,,,
"I2C","start",0.02749944,0.00000002,,,,
"I2C","address",0.02750226,0.00003012,true,0x3F,false,
"I2C","data",0.02754212,0.00003008,true,,,0xC0
"I2C","data",0.02758192,0.00003008,true,,,0x00
"I2C","stop",0.02762392,0.00000002,,,,
"I2C","start",0.02762756,0.00000002,,,,
"I2C","address",0.02763038,0.00003012,true,0x3F,false,
"I2C","data",0.02767024,0.00003008,true,,,0xC0
"I2C","data",0.02771006,0.00003006,true,,,0x00
"I2C","stop",0.02775206,0.00000002,,,,
"I2C","start",0.0277557,0.00000002,,,,
"I2C","address",0.02775852,0.00003014,true,0x3F,false,
"I2C","data",0.0277984,0.00003008,true,,,0xC0
"I2C","data",0.0278382,0.00003008,true,,,0x00
"I2C","stop",0.02788022,0.00000002,,,,
"I2C","start",0.02788386,0.00000002,,,,
"I2C","address",0.02788668,0.00003012,true,0x3F,false,
"I2C","data",0.02792654,0.0000301,true,,,0xC0
"I2C","data",0.02796636,0.0000301,true,,,0x00
"I2C","stop",0.0280084,0.00000002,,,,
"I2C","start",0.02801204,0.00000002,,,,
"I2C","address",0.02801486,0.00003012,true,0x3F,false,
"I2C","data",0.02805472,0.00003008,true,,,0xC0
"I2C","data",0.02809454,0.00003006,true,,,0x00
"I2C","stop",0.02813654,0.00000002,,,,
"I2C","start",0.02814018,0.00000002,,,,
"I2C","address",0.028143,0.00003012,true,0x3F,false,
"I2C","data",0.02818286,0.0000301,true,,,0xC0
"I2C","data",0.02822268,0.00003006,true,,,0x00
"I2C","stop",0.02826468,0.00000002,,,,
"I2C","start",0.02826834,0.00000002,,,,
"I2C","address",0.02827116,0.0000301,true,0x3F,false,
"I2C","data",0.028311,0.0000301,true,,,0xC0
"I2C","data",0.02835082,0.00003008,true,,,0x00
"I2C","stop",0.02839284,0.00000002,,,,
"I2C","start",0.02839648,0.00000002,,,,
"I2C","address",0.0283993,0.00003012,true,0x3F,false,
"I2C","data",0.02843916,0.00003008,true,,,0xC0
"I2C","data",0.02847896,0.00003008,true,,,0x00
"I2C","stop",0.02852098,0.00000002,,,,
"I2C","start",0.02852462,0.00000002,,,,
"I2C","address",0.02852744,0.00003012,true,0x3F,false,
"I2C","data",0.0285673,0.00003008,true,,,0xC0
"I2C","data",0.02860712,0.00003006,true,,,0x00
"I2C","stop",0.02864912,0.00000002,,,,
"I2C","start",0.02865278,0.00000002,,,,
"I2C","address",0.02865558,0.00003014,true,0x3F,false,
"I2C","data",0.02869546,0.00003008,true,,,0xC0
"I2C","data",0.02873526,0.00003008,true,,,0x00
"I2C","stop",0.02877728,0.00000002,,,,
"I2C","start",0.02878092,0.00000002,,,,
"I2C","address",0.02878374,0.00003012,true,0x3F,false,
"I2C","data",0.0288236,0.00003008,true,,,0xC0
"I2C","data",0.0288634,0.00003008,true,,,0x00
"I2C","stop",0.02890542,0.00000002,,,,
"I2C","start",0.02890906,0.00000002,,,,
"I2C","address",0.02891188,0.00003012,true,0x3F,false,
"I2C","data",0.02895176,0.00003008,true,,,0xC0
"I2C","data",0.02899156,0.00003008,true,,,0x00
"I2C","stop",0.02903358,0.00000002,,,,
"I2C","start",0.02903722,0.00000002,,,,
"I2C","address",0.02904004,0.00003012,true,0x3F,false,
"I2C","data",0.0290799,0.0000301,true,,,0xC0
"I2C","data",0.02911972,0.00003008,true,,,0x00
"I2C","stop",0.02916174,0.00000002,,,,
"I2C","start",0.0291654,0.00000002,,,,
"I2C","address",0.0291682,0.00003014,true,0x3F,false,
"I2C","data",0.02920808,0.0000301,true,,,0xC0
"I2C","data",0.0292479,0.00003008,true,,,0x00
"I2C","stop",0.02928992,0.00000002,,,,
"I2C","start",0.02929356,0.00000002,,,,
"I2C","address",0.02929638,0.00003012,true,0x3F,false,
"I2C","data",0.02933624,0.00003008,true,,,0xC0
"I2C","data",0.02937606,0.00003006,true,,,0x00
"I2C","stop",0.02941806,0.00000002,,,,
"I2C","start",0.02942172,0.00000002,,,,
"I2C","address",0.02942454,0.0000301,true,0x3F,false,
"I2C","data",0.02946438,0.0000301,true,,,0xC0
"I2C","data",0.0295042,0.00003008,true,,,0x00
"I2C","stop",0.02954622,0.00000002,,,,
"I2C","start",0.02954986,0.00000002,,,,
"I2C","address",0.02955268,0.0000301,true,0x3F,false,
"I2C","data",0.02959252,0.00003008,true,,,0xC0
"I2C","data",0.02963234,0.00003006,true,,,0x00
"I2C","stop",0.02967436,0.00000002,,,,
"I2C","start",0.029678,0.00000002,,,,
"I2C","address",0.02968082,0.00003012,true,0x3F,false,
"I2C","data",0.02972068,0.00003008,true,,,0xC0
"I2C","data",0.0297605,0.00003006,true,,,0x00
"I2C","stop",0.0298025,0.00000002,,,,
"I2C","start",0.02980616,0.00000002,,,,
"I2C","address",0.02980898,0.00003012,true,0x3F,false,
"I2C","data",0.02984884,0.00003008,true,,,0xC0
"I2C","data",0.02988864,0.00003008,true,,,0x00
"I2C","stop",0.02993066,0.00000002,,,,
"I2C","start",0.0299343,0.00000002,,,,
"I2C","address",0.02993712,0.00003012,true,0x3F,false,
"I2C","data",0.02997698,0.00003008,true,,,0xC0
"I2C","data",0.0300168,0.00003012,true,,,0x1E
"I2C","stop",0.03005886,0.00000002,,,,
"I2C","start",0.0300625,0.00000002,,,,
"I2C","address",0.03006532,0.00003014,true,0x3F,false,
"I2C","data",0.0301052,0.00003008,true,,,0xC0
"I2C","data",0.030145,0.00003008,true,,,0x08
"I2C","stop",0.03018702,0.00000002,,,,
"I2C","start",0.03019066,0.00000002,,,,
"I2C","address",0.03019348,0.00003012,true,0x3F,false,
"I2C","data",0.03023334,0.0000301,true,,,0xC0
"I2C","data",0.03027316,0.00003008,true,,,0x00
"I2C","stop",0.03031518,0.00000002,,,,
"I2C","start",0.03031882,0.00000002,,,,
"I2C","address",0.03032164,0.00003012,true,0x3F,false,
"I2C","data",0.0303615,0.0000301,true,,,0xC0
"I2C","data",0.03040132,0.00003008,true,,,0x00
"I2C","stop",0.03044334,0.00000002,,,,
"I2C","start",0.03044698,0.00000002,,,,
"I2C","address",0.0304498,0.00003012,true,0x3F,false,
"I2C","data",0.03048966,0.0000301,true,,,0xC0
"I2C","data",0.03052948,0.00003006,true,,,0x00
"I2C","stop",0.03057148,0.00000002,,,,
"I2C","start",0.03057514,0.00000002,,,,
"I2C","address",0.03057796,0.00003012,true,0x3F,false,
"I2C","data",0.03061782,0.00003008,true,,,0xC0
"I2C","data",0.03065764,0.00003006,true,,,0x00
"I2C","stop",0.03069966,0.00000002,,,,
"I2C","start",0.0307033,0.00000002,,,,
"I2C","address",0.03070612,0.00003012,true,0x3F,false,
"I2C","data",0.03074598,0.00003008,true,,,0xC0
"I2C","data",0.03078578,0.00003008,true,,,0x00
"I2C","stop",0.0308278,0.00000002,,,,
"I2C","start",0.03083146,0.00000002,,,,
"I2C","address",0.03083428,0.00003012,true,0x3F,false,
"I2C","data",0.03087414,0.00003008,true,,,0xC0
"I2C","data",0.03091396,0.00003008,true,,,0x00
"I2C","stop",0.03095598,0.00000002,,,,
"I2C","start",0.03095962,0.00000002,,,,
"I2C","address",0.03096244,0.00003012,true,0x3F,false,
"I2C","data",0.0310023,0.0000301,true,,,0xC0
"I2C","data",0.03104212,0.00003008,true,,,0x00
"I2C","stop",0.03108414,0.00000002,,,,
"I2C","start",0.0310878,0.00000002,,,,
"I2C","address",0.0310906,0.00003014,true,0x3F,false,
"I2C","data",0.03113048,0.00003008,true,,,0xC0
"I2C","data",0.03117028,0.00003008,true,,,0x00
"I2C","stop",0.0312123,0.00000002,,,,
"I2C","start",0.03121594,0.00000002,,,,
"I2C","address",0.03121876,0.00003782,true,0x3F,false,
"I2C","data",0.03126632,0.00003008,true,,,0xC0
"I2C","data",0.03130612,0.00003008,true,,,0x00
"I2C","stop",0.03134814,0.00000002,,,,
"I2C","start",0.03135178,0.00000002,,,,
"I2C","address",0.0313546,0.00003012,true,0x3F,false,
"I2C","data",0.03139446,0.0000301,true,,,0xC0
"I2C","data",0.03143428,0.0000301,true,,,0x04
"I2C","stop",0.03147632,0.00000002,,,,
"I2C","start",0.03147996,0.00000002,,,,
"I2C","address",0.03148278,0.00003012,true,0x3F,false,
"I2C","data",0.03152266,0.00003008,true,,,0xC0
"I2C","data",0.03156248,0.00003012,true,,,0x1A
"I2C","stop",0.03160454,0.00000002,,,,
"I2C","start",0.03160818,0.00000002,,,,
"I2C","address",0.031611,0.00003012,true,0x3F,false,
"I2C","data",0.03165086,0.0000301,true,,,0xC0
"I2C","data",0.03169068,0.00003012,true,,,0x1C
"I2C","stop",0.03173274,0.00000002,,,,
"I2C","start",0.03173638,0.00000002,,,,
"I2C","address",0.0317392,0.00003012,true,0x3F,false,
"I2C","data",0.03177906,0.00003008,true,,,0xC0
"I2C","data",0.03181886,0.00003008,true,,,0x00
"I2C","stop",0.03186086,0.00000002,,,,
"I2C","start",0.03186452,0.00000002,,,,
"I2C","address",0.03186734,0.00003012,true,0x3F,false,
"I2C","data",0.0319072,0.00003008,true,,,0xC0
"I2C","data",0.031947,0.00003008,true,,,0x00
"I2C","stop",0.03198902,0.00000002,,,,
"I2C","start",0.03199266,0.00000002,,,,
"I2C","address",0.03199548,0.00003012,true,0x3F,false,
"I2C","data",0.03203534,0.00003008,true,,,0xC0
"I2C","data",0.03207516,0.00003008,true,,,0x00
"I2C","stop",0.03211718,0.00000002,,,,
"I2C","start",0.03212082,0.00000002,,,,
"I2C","address",0.03212364,0.00003014,true,0x3F,false,
"I2C","data",0.03216352,0.0000301,true,,,0xC0
"I2C","data",0.03220334,0.00003008,true,,,0x00
"I2C","stop",0.03224536,0.00000002,,,,
"I2C","start",0.03224902,0.00000002,,,,
"I2C","address",0.03225184,0.00003012,true,0x3F,false,
"I2C","data",0.0322917,0.0000301,true,,,0xC0
"I2C","data",0.03233152,0.00003008,true,,,0x00
"I2C","stop",0.03237354,0.00000002,,,,
"I2C","start",0.03237718,0.00000002,,,,
"I2C","address",0.03238,0.00003012,true,0x3F,false,
"I2C","data",0.03241986,0.0000301,true,,,0xC0
"I2C","data",0.03245968,0.00003008,true,,,0x00
"I2C","stop",0.0325017,0.00000002,,,,
"I2C","start",0.03250536,0.00000002,,,,
"I2C","address",0.03250818,0.00003012,true,0x3F,false,
"I2C","data",0.03254804,0.0000301,true,,,0xC0
"I2C","data",0.03258786,0.00003008,true,,,0x00
"I2C","stop",0.03262988,0.00000002,,,,
"I2C","start",0.03263352,0.00000002,,,,
"I2C","address",0.03263634,0.00003012,true,0x3F,false,
"I2C","data",0.0326762,0.0000301,true,,,0xC0
"I2C","data",0.03271602,0.00003008,true,,,0x00
"I2C","stop",0.03275804,0.00000002,,,,
"I2C","start",0.03276168,0.00000002,,,,
"I2C","address",0.0327645,0.00003012,true,0x3F,false,
"I2C","data",0.03280436,0.0000301,true,,,0xC0
"I2C","data",0.03284418,0.00003008,true,,,0x00
"I2C","stop",0.0328862,0.00000002,,,,
"I2C","start",0.03288984,0.00000002,,,,
"I2C","address",0.03289266,0.00003012,true,0x3F,false,
"I2C","data",0.03293252,0.0000301,true,,,0xC0
"I2C","data",0.03297234,0.00003006,true,,,0x00
"I2C","stop",0.03301434,0.00000002,,,,
"I2C","start",0.03301798,0.00000002,,,,
"I2C","address",0.0330208,0.00003012,true,0x3F,false,
"I2C","data",0.03306064,0.00003008,true,,,0xC0
"I2C","data",0.03310044,0.0000301,true,,,0x12
"I2C","stop",0.03314248,0.00000002,,,,
"I2C","start",0.03314612,0.00000002,,,,
"I2C","address",0.03314894,0.00003012,true,0x3F,false,
"I2C","data",0.0331888,0.00003008,true,,,0xC0
"I2C","data",0.0332286,0.00003014,true,,,0x1E
"I2C","stop",0.03327068,0.00000002,,,,
"I2C","start",0.03327432,0.00000002,,,,
"I2C","address",0.03327714,0.00003012,true,0x3F,false,
"I2C","data",0.033317,0.00003008,true,,,0xC0
"I2C","data",0.0333568,0.00003012,true,,,0x1E
"I2C","stop",0.03339886,0.00000002,,,,
"I2C","start",0.0334025,0.00000002,,,,
"I2C","address",0.03340532,0.00003012,true,0x3F,false,
"I2C","data",0.03344518,0.00003008,true,,,0xC0
"I2C","data",0.03348498,0.00003012,true,,,0x1E
"I2C","stop",0.03352704,0.00000002,,,,
"I2C","start",0.03353068,0.00000002,,,,
"I2C","address",0.0335335,0.00003012,true,0x3F,false,
"I2C","data",0.03357336,0.0000301,true,,,0xC0
"I2C","data",0.03361318,0.0000301,true,,,0x06
"I2C","stop",0.03365522,0.00000002,,,,
"I2C","start",0.03365886,0.00000002,,,,
"I2C","address",0.03366168,0.00003012,true,0x3F,false,
"I2C","data",0.03370154,0.00003008,true,,,0xC0
"I2C","data",0.03374134,0.00003012,true,,,0x1C
"I2C","stop",0.0337834,0.00000002,,,,
"I2C","start",0.03378704,0.00000002,,,,
"I2C","address",0.03378986,0.00003012,true,0x3F,false,
"I2C","data",0.03382972,0.0000301,true,,,0xC0
"I2C","data",0.03386954,0.00003012,true,,,0x16
"I2C","stop",0.0339116,0.00000002,,,,
"I2C","start",0.03391524,0.00000002,,,,
"I2C","address",0.03391806,0.00003012,true,0x3F,false,
"I2C","data",0.03395792,0.00003008,true,,,0xC0
"I2C","data",0.03399774,0.0000301,true,,,0x1A
"I2C","stop",0.03403978,0.00000002,,,,
"I2C","start",0.03404344,0.00000002,,,,
"I2C","address",0.03404626,0.00003012,true,0x3F,false,
"I2C","data",0.03408612,0.00003008,true,,,0xC0
"I2C","data",0.03412592,0.00003012,true,,,0x0A
"I2C","stop",0.03416798,0.00000002,,,,
"I2C","start",0.03417162,0.00000002,,,,
"I2C","address",0.03417444,0.00003014,true,0x3F,false,
"I2C","data",0.03421432,0.00003008,true,,,0xC0
"I2C","data",0.03425412,0.00003008,true,,,0x00
"I2C","stop",0.03429614,0.00000002,,,,
"I2C","start",0.0342998,0.00000002,,,,
"I2C","address",0.03430262,0.00003012,true,0x3F,false,
"I2C","data",0.03434248,0.0000301,true,,,0xC0
"I2C","data",0.03438232,0.00003008,true,,,0x00
"I2C","stop",0.03442434,0.00000002,,,,
"I2C","start",0.03442798,0.00000002,,,,
"I2C","address",0.0344308,0.00003012,true,0x3F,false,
"I2C","data",0.03447066,0.0000301,true,,,0xC0
"I2C","data",0.03451048,0.00003008,true,,,0x00
"I2C","stop",0.03455252,0.00000002,,,,
"I2C","start",0.03455616,0.00000002,,,,
"I2C","address",0.03455898,0.00003014,true,0x3F,false,
"I2C","data",0.03459886,0.00003008,true,,,0xC0
"I2C","data",0.03463866,0.00003008,true,,,0x00
"I2C","stop",0.03468068,0.00000002,,,,
"I2C","start",0.03468432,0.00000002,,,,
"I2C","address",0.03468714,0.00003014,true,0x3F,false,
"I2C","data",0.03472702,0.0000301,true,,,0xC0
"I2C","data",0.03476684,0.00003008,true,,,0x00
"I2C","stop",0.03480886,0.00000002,,,,
"I2C","start",0.03481252,0.00000002,,,,
"I2C","address",0.03481534,0.00003012,true,0x3F,false,
"I2C","data",0.0348552,0.00003008,true,,,0xC0
"I2C","data",0.034895,0.0000301,true,,,0x0A
"I2C","stop",0.03493704,0.00000002,,,,
"I2C","start",0.0349407,0.00000002,,,,
"I2C","address",0.0349435,0.00003012,true,0x3F,false,
"I2C","data",0.03498338,0.00003008,true,,,0xC0
"I2C","data",0.03502318,0.00003008,true,,,0x00
"I2C","stop",0.03506518,0.00000002,,,,
"I2C","start",0.03506884,0.00000002,,,,
"I2C","address",0.03507166,0.0000301,true,0x3F,false,
"I2C","data",0.0351115,0.00003008,true,,,0xC0
"I2C","data",0.0351513,0.00003008,true,,,0x00
"I2C","stop",0.0351933,0.00000002,,,,
"I2C","start",0.03519696,0.00000002,,,,
"I2C","address",0.03519978,0.00003012,true,0x3F,false,
"I2C","data",0.03523962,0.0000301,true,,,0xC0
"I2C","data",0.03527944,0.00003006,true,,,0x00
"I2C","stop",0.03532144,0.00000002,,,,
"I2C","start",0.03532508,0.00000002,,,,
"I2C","address",0.0353279,0.00003012,true,0x3F,false,
"I2C","data",0.03536776,0.00003008,true,,,0xC0
"I2C","data",0.03540756,0.00003008,true,,,0x00
"I2C","stop",0.03544956,0.00000002,,,,
"I2C","start",0.0354532,0.00000002,,,,
"I2C","address",0.03545602,0.00003012,true,0x3F,false,
"I2C","data",0.03549588,0.0000301,true,,,0xC0
"I2C","data",0.0355357,0.00003008,true,,,0x00
"I2C","stop",0.03557772,0.00000002,,,,
"I2C","start",0.03558136,0.00000002,,,,
"I2C","address",0.03558418,0.00003012,true,0x3F,false,
"I2C","data",0.03562404,0.00003008,true,,,0xC0
"I2C","data",0.03566384,0.00003008,true,,,0x00
"I2C","stop",0.03570586,0.00000002,,,,
"I2C","start",0.0357095,0.00000002,,,,
"I2C","address",0.03571232,0.00003012,true,0x3F,false,
"I2C","data",0.03575218,0.00003008,true,,,0xC0
"I2C","data",0.035792,0.00003008,true,,,0x06
"I2C","stop",0.03583402,0.00000002,,,,
"I2C","start",0.03583768,0.00000002,,,,
"I2C","address",0.0358405,0.0000301,true,0x3F,false,
"I2C","data",0.03588034,0.00003008,true,,,0xC0
"I2C","data",0.03592014,0.00003012,true,,,0x0A
"I2C","stop",0.03596218,0.00000002,,,,
"I2C","start",0.03596584,0.00000002,,,,
"I2C","address",0.03596866,0.00003012,true,0x3F,false,
"I2C","data",0.0360085,0.00003008,true,,,0xC0
"I2C","data",0.03604832,0.00003012,true,,,0x1E
"I2C","stop",0.03609038,0.00000002,,,,
"I2C","start",0.03609404,0.00000002,,,,
"I2C","address",0.03609686,0.00003012,true,0x3F,false,
"I2C","data",0.03613672,0.00003008,true,,,0xC0
"I2C","data",0.03617652,0.0000301,true,,,0x0A
"I2C","stop",0.03621856,0.00000002,,,,
"I2C","start",0.0362222,0.00000002,,,,
"I2C","address",0.03622502,0.00003012,true,0x3F,false,
"I2C","data",0.03626488,0.0000301,true,,,0xC0
"I2C","data",0.0363047,0.00003014,true,,,0x1E
"I2C","stop",0.03634678,0.00000002,,,,
"I2C","start",0.03635042,0.00000002,,,,
"I2C","address",0.03635324,0.00003012,true,0x3F,false,
"I2C","data",0.0363931,0.0000301,true,,,0xC0
"I2C","data",0.03643292,0.00003012,true,,,0x12
"I2C","stop",0.03647498,0.00000002,,,,
"I2C","start",0.03647862,0.00000002,,,,
"I2C","address",0.03648144,0.00003012,true,0x3F,false,
"I2C","data",0.0365213,0.00003008,true,,,0xC0
"I2C","data",0.0365611,0.00003012,true,,,0x1E
"I2C","stop",0.03660316,0.00000002,,,,
"I2C","start",0.03660682,0.00000002,,,,
"I2C","address",0.03660962,0.00003012,true,0x3F,false,
"I2C","data",0.03664948,0.00003008,true,,,0xC0
"I2C","data",0.0366893,0.00003008,true,,,0x0C
"I2C","stop",0.03673132,0.00000002,,,,
"I2C","start",0.03673496,0.00000002,,,,
"I2C","address",0.03673778,0.00003012,true,0x3F,false,
"I2C","data",0.03677764,0.0000301,true,,,0xC0
"I2C","data",0.03681746,0.00003006,true,,,0x00
"I2C","stop",0.03685946,0.00000002,,,,
"I2C","start",0.03686312,0.00000002,,,,
"I2C","address",0.03686594,0.00003012,true,0x3F,false,
"I2C","data",0.0369058,0.00003008,true,,,0xC0
"I2C","data",0.03694562,0.00003006,true,,,0x00
"I2C","stop",0.03698762,0.00000002,,,,
"I2C","start",0.03699128,0.00000002,,,,
"I2C","address",0.0369941,0.00003012,true,0x3F,false,
"I2C","data",0.03703396,0.00003008,true,,,0xC0
"I2C","data",0.03707378,0.00003008,true,,,0x00
"I2C","stop",0.0371158,0.00000002,,,,
"I2C","start",0.03711944,0.00000002,,,,
"I2C","address",0.03712226,0.00003012,true,0x3F,false,
"I2C","data",0.03716212,0.00003008,true,,,0xC0
"I2C","data",0.03720192,0.00003008,true,,,0x00
"I2C","stop",0.03724394,0.00000002,,,,
"I2C","start",0.03724758,0.00000002,,,,
"I2C","address",0.0372504,0.00003012,true,0x3F,false,
"I2C","data",0.03729026,0.00003008,true,,,0xC0
"I2C","data",0.03733006,0.00003008,true,,,0x00
"I2C","stop",0.03737206,0.00000002,,,,
"I2C","start",0.03737572,0.00000002,,,,
"I2C","address",0.03737854,0.00003012,true,0x3F,false,
"I2C","data",0.0374184,0.00003008,true,,,0xC0
"I2C","data",0.0374582,0.00003006,true,,,0x00
"I2C","stop",0.0375002,0.00000002,,,,
"I2C","start",0.03750384,0.00000002,,,,
"I2C","address",0.03750666,0.00003012,true,0x3F,false,
"I2C","data",0.03754652,0.0000301,true,,,0xC0
"I2C","data",0.03758634,0.00003008,true,,,0x00
"I2C","stop",0.03762836,0.00000002,,,,
"I2C","start",0.037632,0.00000002,,,,
"I2C","address",0.03763482,0.00003012,true,0x3F,false,
"I2C","data",0.03767468,0.0000301,true,,,0xC0
"I2C","data",0.0377145,0.0000301,true,,,0x00
"I2C","stop",0.03775654,0.00000002,,,,
"I2C","start",0.03776018,0.00000002,,,,
"I2C","address",0.037763,0.00003014,true,0x3F,false,
"I2C","data",0.03780288,0.0000301,true,,,0xC0
"I2C","data",0.0378427,0.00003008,true,,,0x00
"I2C","stop",0.03788472,0.00000002,,,,
"I2C","start",0.03788836,0.00000002,,,,
"I2C","address",0.03789118,0.00003012,true,0x3F,false,
"I2C","data",0.03793104,0.0000301,true,,,0xC0
"I2C","data",0.03797086,0.00003008,true,,,0x00
"I2C","stop",0.03801288,0.00000002,,,,
"I2C","start",0.03801652,0.00000002,,,,
"I2C","address",0.03801934,0.00003012,true,0x3F,false,
"I2C","data",0.0380592,0.00003008,true,,,0xC0
"I2C","data",0.038099,0.00003008,true,,,0x00
"I2C","stop",0.03814102,0.00000002,,,,
"I2C","start",0.03814466,0.00000002,,,,
"I2C","address",0.03814748,0.00003012,true,0x3F,false,
"I2C","data",0.03818734,0.0000301,true,,,0xC0
"I2C","data",0.03822716,0.00003008,true,,,0x00
"I2C","stop",0.03826918,0.00000002,,,,
"I2C","start",0.03827282,0.00000002,,,,
"I2C","address",0.03827564,0.00003012,true,0x3F,false,
"I2C","data",0.0383155,0.0000301,true,,,0xC0
"I2C","data",0.03835534,0.00003006,true,,,0x00
"I2C","stop",0.03839734,0.00000002,,,,
"I2C","start",0.038401,0.00000002,,,,
"I2C","address",0.03840382,0.00003012,true,0x3F,false,
"I2C","data",0.03844368,0.0000301,true,,,0xC0
"I2C","data",0.0384835,0.00003008,true,,,0x00
"I2C","stop",0.03852552,0.00000002,,,,
"I2C","start",0.03852916,0.00000002,,,,
"I2C","address",0.03853198,0.00003012,true,0x3F,false,
"I2C","data",0.03857184,0.00003008,true,,,0xC0
"I2C","data",0.03861164,0.00003008,true,,,0x00
"I2C","stop",0.03865366,0.00000002,,,,
"I2C","start",0.0386573,0.00000002,,,,
"I2C","address",0.03866012,0.00003012,true,0x3F,false,
"I2C","data",0.03869998,0.00003008,true,,,0xC0
"I2C","data",0.03873978,0.00003008,true,,,0x00
"I2C","stop",0.03878178,0.00000002,,,,
"I2C","start",0.03878544,0.00000002,,,,
"I2C","address",0.03878826,0.00003012,true,0x3F,false,
"I2C","data",0.03882812,0.00003008,true,,,0xC0
"I2C","data",0.03886792,0.00003008,true,,,0x00
"I2C","stop",0.03890994,0.00000002,,,,
"I2C","start",0.03891358,0.00000002,,,,
"I2C","address",0.0389164,0.00003012,true,0x3F,false,
"I2C","data",0.03895626,0.0000301,true,,,0xC0
"I2C","data",0.03899608,0.00003008,true,,,0x00
"I2C","stop",0.0390381,0.00000002,,,,
"I2C","start",0.03904176,0.00000002,,,,
"I2C","address",0.03904456,0.00003014,true,0x3F,false,
"I2C","data",0.03908444,0.00003008,true,,,0xC0
"I2C","data",0.03912426,0.00003006,true,,,0x00
"I2C","stop",0.03916628,0.00000002,,,,
"I2C","start",0.05718628,0.00000002,,,,
"I2C","address",0.05718914,0.0000301,true,0x3F,false,
"I2C","data",0.05722898,0.00003006,true,,,0x80
"I2C","data",0.05726878,0.0000301,true,,,0xB0
"I2C","stop",0.05731082,0.00000002,,,,
"I2C","start",0.05731402,0.00000002,,,,
"I2C","address",0.0573169,0.00003012,true,0x3F,false,
"I2C","data",0.05735676,0.00003006,true,,,0x80
"I2C","data",0.05739654,0.0000301,true,,,0x10
"I2C","stop",0.05743858,0.00000002,,,,
"I2C","start",0.05744184,0.00000002,,,,
"I2C","address",0.0574447,0.00003012,true,0x3F,false,
"I2C","data",0.05748456,0.00003008,true,,,0x80
"I2C","data",0.05752436,0.00003008,true,,,0x00
"I2C","stop",0.05756638,0.00000002,,,,
"I2C","start",0.0575699,0.00000002,,,,
"I2C","address",0.05757276,0.00003012,true,0x3F,false,
"I2C","data",0.05761262,0.00003008,true,,,0xC0
"I2C","data",0.05765244,0.00003006,true,,,0x00
"I2C","stop",0.05769444,0.00000002,,,,
"I2C","start",0.0576981,0.00000002,,,,
"I2C","address",0.0577009,0.00003014,true,0x3F,false,
"I2C","data",0.05774078,0.00003008,true,,,0xC0
"I2C","data",0.0577806,0.00003008,true,,,0x00
"I2C","stop",0.05782262,0.00000002,,,,
"I2C","start",0.05782626,0.00000002,,,,
"I2C","address",0.05782908,0.00003012,true,0x3F,false,
"I2C","data",0.05786894,0.0000301,true,,,0xC0
"I2C","data",0.05790876,0.00003008,true,,,0x00
"I2C","stop",0.05795078,0.00000002,,,,
"I2C","start",0.05795442,0.00000002,,,,
"I2C","address",0.05795724,0.00003014,true,0x3F,false,
"I2C","data",0.05799712,0.00003008,true,,,0xC0
"I2C","data",0.05803692,0.00003008,true,,,0x00
"I2C","stop",0.05807894,0.00000002,,,,
"I2C","start",0.0580826,0.00000002,,,,
"I2C","address",0.05808542,0.00003012,true,0x3F,false,
"I2C","data",0.05812528,0.00003008,true,,,0xC0
"I2C","data",0.0581651,0.00003008,true,,,0x00
"I2C","stop",0.05820712,0.00000002,,,,
"I2C","start",0.05821076,0.00000002,,,,
"I2C","address",0.05821358,0.00003012,true,0x3F,false,
"I2C","data",0.05825344,0.0000301,true,,,0xC0
"I2C","data",0.05829328,0.00003008,true,,,0x00
"I2C","stop",0.0583353,0.00000002,,,,
"I2C","start",0.05833894,0.00000002,,,,
"I2C","address",0.05834176,0.00003012,true,0x3F,false,
"I2C","data",0.05838162,0.0000301,true,,,0xC0
"I2C","data",0.05842144,0.00003008,true,,,0x00
"I2C","stop",0.05846346,0.00000002,,,,
"I2C","start",0.05846712,0.00000002,,,,
"I2C","address",0.05846994,0.00003012,true,0x3F,false,
"I2C","data",0.0585098,0.0000301,true,,,0xC0
"I2C","data",0.05854962,0.00003008,true,,,0x00
"I2C","stop",0.05859164,0.00000002,,,,
"I2C","start",0.05859528,0.00000002,,,,
"I2C","address",0.0585981,0.00003012,true,0x3F,false,
"I2C","data",0.05863798,0.00003008,true,,,0xC0
"I2C","data",0.0586778,0.00003008,true,,,0x00
"I2C","stop",0.05871982,0.00000002,,,,
"I2C","start",0.05872346,0.00000002,,,,
"I2C","address",0.05872628,0.00003014,true,0x3F,false,
"I2C","data",0.05876616,0.0000301,true,,,0xC0
"I2C","data",0.05880598,0.0000301,true,,,0x00
"I2C","stop",0.05884802,0.00000002,,,,
"I2C","start",0.05885166,0.00000002,,,,
"I2C","address",0.05885448,0.00003014,true,0x3F,false,
"I2C","data",0.05889436,0.00003008,true,,,0xC0
"I2C","data",0.05893418,0.00003008,true,,,0x00
"I2C","stop",0.0589762,0.00000002,,,,
"I2C","start",0.05897984,0.00000002,,,,
"I2C","address",0.05898266,0.00003012,true,0x3F,false,
"I2C","data",0.05902252,0.0000301,true,,,0xC0
"I2C","data",0.05906234,0.00003006,true,,,0x00
"I2C","stop",0.05910434,0.00000002,,,,
"I2C","start",0.05910798,0.00000002,,,,
"I2C","address",0.0591108,0.00003012,true,0x3F,false,
"I2C","data",0.05915066,0.00003008,true,,,0xC0
"I2C","data",0.05919046,0.00003008,true,,,0x00
"I2C","stop",0.05923248,0.00000002,,,,
"I2C","start",0.05923612,0.00000002,,,,
"I2C","address",0.05923894,0.00003012,true,0x3F,false,
"I2C","data",0.0592788,0.00003008,true,,,0xC0
"I2C","data",0.0593186,0.00003008,true,,,0x00
"I2C","stop",0.05936062,0.00000002,,,,
"I2C","start",0.05936426,0.00000002,,,,
"I2C","address",0.05936708,0.00003012,true,0x3F,false,
"I2C","data",0.05940694,0.00003008,true,,,0xC0
"I2C","data",0.05944674,0.00003008,true,,,0x00
"I2C","stop",0.05948876,0.00000002,,,,
"I2C","start",0.0594924,0.00000002,,,,
"I2C","address",0.05949522,0.00003012,true,0x3F,false,
"I2C","data",0.05953508,0.00003008,true,,,0xC0
"I2C","data",0.05957488,0.00003008,true,,,0x00
"I2C","stop",0.0596169,0.00000002,,,,
"I2C","start",0.05962054,0.00000002,,,,
"I2C","address",0.05962336,0.00003012,true,0x3F,false,
"I2C","data",0.05966322,0.00003008,true,,,0xC0
"I2C","data",0.05970302,0.00003008,true,,,0x00
"I2C","stop",0.05974504,0.00000002,,,,
"I2C","start",0.05974868,0.00000002,,,,
"I2C","address",0.0597515,0.0000301,true,0x3F,false,
"I2C","data",0.05979134,0.0000301,true,,,0xC0
"I2C","data",0.05983116,0.00003008,true,,,0x00
"I2C","stop",0.05987318,0.00000002,,,,
"I2C","start",0.05987682,0.00000002,,,,
"I2C","address",0.05987964,0.00003012,true,0x3F,false,
"I2C","data",0.0599195,0.0000301,true,,,0xC0
"I2C","data",0.05995932,0.0000301,true,,,0x00
"I2C","stop",0.06000136,0.00000002,,,,
"I2C","start",0.060005,0.00000002,,,,
"I2C","address",0.06000782,0.00003012,true,0x3F,false,
"I2C","data",0.0600477,0.0000301,true,,,0xC0
"I2C","data",0.06008752,0.00003008,true,,,0x00
"I2C","stop",0.06012954,0.00000002,,,,
"I2C","start",0.0601332,0.00000002,,,,
"I2C","address",0.06013602,0.00003012,true,0x3F,false,
"I2C","data",0.0601759,0.00003008,true,,,0xC0
"I2C","data",0.06021572,0.00003008,true,,,0x00
"I2C","stop",0.06025776,0.00000002,,,,
"I2C","start",0.0602614,0.00000002,,,,
"I2C","address",0.06026422,0.00003014,true,0x3F,false,
"I2C","data",0.0603041,0.0000301,true,,,0xC0
"I2C","data",0.06034392,0.00003008,true,,,0x00
"I2C","stop",0.06038596,0.00000002,,,,
"I2C","start",0.0603896,0.00000002,,,,
"I2C","address",0.06039242,0.00003012,true,0x3F,false,
"I2C","data",0.06043228,0.0000301,true,,,0xC0
"I2C","data",0.0604721,0.00003008,true,,,0x00
"I2C","stop",0.06051414,0.00000002,,,,
"I2C","start",0.06051778,0.00000002,,,,
"I2C","address",0.0605206,0.00003012,true,0x3F,false,
"I2C","data",0.06056048,0.00003008,true,,,0xC0
"I2C","data",0.0606003,0.00003008,true,,,0x00
"I2C","stop",0.06064234,0.00000002,,,,
"I2C","start",0.06064598,0.00000002,,,,
"I2C","address",0.0606488,0.00003014,true,0x3F,false,
"I2C","data",0.06068868,0.0000301,true,,,0xC0
"I2C","data",0.0607285,0.00003014,true,,,0x1E
"I2C","stop",0.06077058,0.00000002,,,,
"I2C","start",0.06077422,0.00000002,,,,
"I2C","address",0.06077704,0.00003014,true,0x3F,false,
"I2C","data",0.06081692,0.0000301,true,,,0xC0
"I2C","data",0.06085674,0.0000301,true,,,0x08
"I2C","stop",0.06089878,0.00000002,,,,
"I2C","start",0.06090244,0.00000002,,,,
"I2C","address",0.06090526,0.00003012,true,0x3F,false,
"I2C","data",0.06094512,0.0000301,true,,,0xC0
"I2C","data",0.06098494,0.0000301,true,,,0x00
"I2C","stop",0.06102698,0.00000002,,,,
"I2C","start",0.06103062,0.00000002,,,,
"I2C","address",0.06103344,0.00003014,true,0x3F,false,
"I2C","data",0.06107332,0.00003008,true,,,0xC0
"I2C","data",0.06111314,0.00003008,true,,,0x00
"I2C","stop",0.06115516,0.00000002,,,,
"I2C","start",0.0611588,0.00000002,,,,
"I2C","address",0.06116162,0.00003772,true,0x3F,false,
"I2C","data",0.06120908,0.0000301,true,,,0xC0
"I2C","data",0.0612489,0.00003008,true,,,0x00
"I2C","stop",0.06129092,0.00000002,,,,
"I2C","start",0.06129456,0.00000002,,,,
"I2C","address",0.06129738,0.00003014,true,0x3F,false,
"I2C","data",0.06133726,0.0000301,true,,,0xC0
"I2C","data",0.06137708,0.00003008,true,,,0x00
"I2C","stop",0.0614191,0.00000002,,,,
"I2C","start",0.06142276,0.00000002,,,,
"I2C","address",0.06142558,0.00003012,true,0x3F,false,
"I2C","data",0.06146544,0.0000301,true,,,0xC0
"I2C","data",0.06150526,0.00003008,true,,,0x00
"I2C","stop",0.06154728,0.00000002,,,,
"I2C","start",0.06155094,0.00000002,,,,
"I2C","address",0.06155376,0.00003012,true,0x3F,false,
"I2C","data",0.06159362,0.00003008,true,,,0xC0
"I2C","data",0.06163344,0.00003008,true,,,0x00
"I2C","stop",0.06167546,0.00000002,,,,
"I2C","start",0.0616791,0.00000002,,,,
"I2C","address",0.06168192,0.00003012,true,0x3F,false,
"I2C","data",0.06172178,0.00003008,true,,,0xC0
"I2C","data",0.06176158,0.00003008,true,,,0x00
"I2C","stop",0.0618036,0.00000002,,,,
"I2C","start",0.06180724,0.00000002,,,,
"I2C","address",0.06181006,0.00003012,true,0x3F,false,
"I2C","data",0.06184992,0.00003008,true,,,0xC0
"I2C","data",0.06188974,0.00003008,true,,,0x00
"I2C","stop",0.06193176,0.00000002,,,,
"I2C","start",0.0619354,0.00000002,,,,
"I2C","address",0.06193822,0.00003012,true,0x3F,false,
"I2C","data",0.06197808,0.00003008,true,,,0xC0
"I2C","data",0.06201788,0.00003008,true,,,0x00
"I2C","stop",0.0620599,0.00000002,,,,
"I2C","start",0.06206356,0.00000002,,,,
"I2C","address",0.06206638,0.00003012,true,0x3F,false,
"I2C","data",0.06210624,0.00003008,true,,,0xC0
"I2C","data",0.06214606,0.00003008,true,,,0x04
"I2C","stop",0.06218808,0.00000002,,,,
"I2C","start",0.06219172,0.00000002,,,,
"I2C","address",0.06219454,0.00003012,true,0x3F,false,
"I2C","data",0.0622344,0.00003008,true,,,0xC0
"I2C","data",0.0622742,0.00003012,true,,,0x1A
"I2C","stop",0.06231626,0.00000002,,,,
"I2C","start",0.0623199,0.00000002,,,,
"I2C","address",0.06232272,0.00003012,true,0x3F,false,
"I2C","data",0.06236258,0.0000301,true,,,0xC0
"I2C","data",0.0624024,0.00003012,true,,,0x1C
"I2C","stop",0.06244446,0.00000002,,,,
"I2C","start",0.06244812,0.00000002,,,,
"I2C","address",0.06245094,0.00003012,true,0x3F,false,
"I2C","data",0.0624908,0.00003008,true,,,0xC0
"I2C","data",0.06253062,0.00003008,true,,,0x00
"I2C","stop",0.06257264,0.00000002,,,,
"I2C","start",0.06257628,0.00000002,,,,
"I2C","address",0.0625791,0.00003012,true,0x3F,false,
"I2C","data",0.06261896,0.0000301,true,,,0xC0
"I2C","data",0.06265878,0.00003008,true,,,0x00
"I2C","stop",0.0627008,0.00000002,,,,
"I2C","start",0.06270446,0.00000002,,,,
"I2C","address",0.06270728,0.00003012,true,0x3F,false,
"I2C","data",0.06274714,0.00003008,true,,,0xC0
"I2C","data",0.06278694,0.00003008,true,,,0x00
"I2C","stop",0.06282896,0.00000002,,,,
"I2C","start",0.0628326,0.00000002,,,,
"I2C","address",0.06283542,0.00003012,true,0x3F,false,
"I2C","data",0.06287528,0.0000301,true,,,0xC0
"I2C","data",0.0629151,0.00003008,true,,,0x00
"I2C","stop",0.06295712,0.00000002,,,,
"I2C","start",0.06296076,0.00000002,,,,
"I2C","address",0.06296358,0.00003014,true,0x3F,false,
"I2C","data",0.06300346,0.0000301,true,,,0xC0
"I2C","data",0.06304328,0.00003008,true,,,0x00
"I2C","stop",0.0630853,0.00000002,,,,
"I2C","start",0.06308896,0.00000002,,,,
"I2C","address",0.06309178,0.00003012,true,0x3F,false,
"I2C","data",0.06313164,0.0000301,true,,,0xC0
"I2C","data",0.06317146,0.00003008,true,,,0x00
"I2C","stop",0.0632135,0.00000002,,,,
"I2C","start",0.06321714,0.00000002,,,,
"I2C","address",0.06321996,0.00003012,true,0x3F,false,
"I2C","data",0.06325982,0.0000301,true,,,0xC0
"I2C","data",0.06329964,0.00003008,true,,,0x00
"I2C","stop",0.06334166,0.00000002,,,,
"I2C","start",0.06334532,0.00000002,,,,
"I2C","address",0.06334814,0.00003012,true,0x3F,false,
"I2C","data",0.063388,0.0000301,true,,,0xC0
"I2C","data",0.06342782,0.00003006,true,,,0x00
"I2C","stop",0.06346982,0.00000002,,,,
"I2C","start",0.06347348,0.00000002,,,,
"I2C","address",0.0634763,0.00003012,true,0x3F,false,
"I2C","data",0.06351616,0.00003008,true,,,0xC0
"I2C","data",0.06355598,0.00003008,true,,,0x00
"I2C","stop",0.063598,0.00000002,,,,
"I2C","start",0.06360164,0.00000002,,,,
"I2C","address",0.06360446,0.00003014,true,0x3F,false,
"I2C","data",0.06364434,0.00003008,true,,,0xC0
"I2C","data",0.06368414,0.00003008,true,,,0x00
"I2C","stop",0.06372616,0.00000002,,,,
"I2C","start",0.0637298,0.00000002,,,,
"I2C","address",0.06373262,0.00003014,true,0x3F,false,
"I2C","data",0.0637725,0.0000301,true,,,0xC0
"I2C","data",0.06381232,0.00003012,true,,,0x12
"I2C","stop",0.06385438,0.00000002,,,,
"I2C","start",0.06385802,0.00000002,,,,
"I2C","address",0.06386084,0.00003014,true,0x3F,false,
"I2C","data",0.06390072,0.0000301,true,,,0xC0
"I2C","data",0.06394056,0.00003014,true,,,0x1E
"I2C","stop",0.06398264,0.00000002,,,,
"I2C","start",0.06398628,0.00000002,,,,
"I2C","address",0.0639891,0.00003014,true,0x3F,false,
"I2C","data",0.06402898,0.00003012,true,,,0xC0
"I2C","data",0.06406882,0.00003016,true,,,0x1E
"I2C","stop",0.06411092,0.00000002,,,,
"I2C","start",0.06411456,0.00000002,,,,
"I2C","address",0.06411738,0.00003014,true,0x3F,false,
"I2C","data",0.06415726,0.00003008,true,,,0xC0
"I2C","data",0.06419708,0.00003014,true,,,0x1E
"I2C","stop",0.06423916,0.00000002,,,,
"I2C","start",0.0642428,0.00000002,,,,
"I2C","address",0.06424562,0.00003014,true,0x3F,false,
"I2C","data",0.0642855,0.00003008,true,,,0xC0
"I2C","data",0.0643253,0.00003012,true,,,0x06
"I2C","stop",0.06436734,0.00000002,,,,
"I2C","start",0.064371,0.00000002,,,,
"I2C","address",0.06437382,0.00003012,true,0x3F,false,
"I2C","data",0.06441368,0.0000301,true,,,0xC0
"I2C","data",0.0644535,0.00003014,true,,,0x1C
"I2C","stop",0.06449558,0.00000002,,,,
"I2C","start",0.06449922,0.00000002,,,,
"I2C","address",0.06450204,0.00003012,true,0x3F,false,
"I2C","data",0.0645419,0.0000301,true,,,0xC0
"I2C","data",0.06458172,0.00003012,true,,,0x16
"I2C","stop",0.06462378,0.00000002,,,,
"I2C","start",0.06462744,0.00000002,,,,
"I2C","address",0.06463026,0.00003012,true,0x3F,false,
"I2C","data",0.06467012,0.0000301,true,,,0xC0
"I2C","data",0.06470994,0.00003014,true,,,0x1A
"I2C","stop",0.06475202,0.00000002,,,,
"I2C","start",0.06475568,0.00000002,,,,
"I2C","address",0.06475848,0.00003014,true,0x3F,false,
"I2C","data",0.06479836,0.0000301,true,,,0xC0
"I2C","data",0.0648382,0.00003012,true,,,0x0A
"I2C","stop",0.06488026,0.00000002,,,,
"I2C","start",0.0648839,0.00000002,,,,
"I2C","address",0.06488672,0.00003012,true,0x3F,false,
"I2C","data",0.06492658,0.0000301,true,,,0xC0
"I2C","data",0.06496642,0.00003006,true,,,0x00
"I2C","stop",0.06500842,0.00000002,,,,
"I2C","start",0.06501208,0.00000002,,,,
"I2C","address",0.0650149,0.00003012,true,0x3F,false,
"I2C","data",0.06505476,0.0000301,true,,,0xC0
"I2C","data",0.0650946,0.00003008,true,,,0x00
"I2C","stop",0.06513662,0.00000002,,,,
"I2C","start",0.06514026,0.00000002,,,,
"I2C","address",0.06514308,0.00003014,true,0x3F,false,
"I2C","data",0.06518296,0.0000301,true,,,0xC0
"I2C","data",0.06522278,0.0000301,true,,,0x00
"I2C","stop",0.06526482,0.00000002,,,,
"I2C","start",0.06526846,0.00000002,,,,
"I2C","address",0.06527128,0.00003014,true,0x3F,false,
"I2C","data",0.06531118,0.0000301,true,,,0xC0
"I2C","data",0.065351,0.0000301,true,,,0x00
"I2C","stop",0.06539304,0.00000002,,,,
"I2C","start",0.06539668,0.00000002,,,,
"I2C","address",0.0653995,0.00003014,true,0x3F,false,
"I2C","data",0.06543938,0.0000301,true,,,0xC0
"I2C","data",0.0654792,0.00003008,true,,,0x00
"I2C","stop",0.06552122,0.00000002,,,,
"I2C","start",0.06552488,0.00000002,,,,
"I2C","address",0.0655277,0.00003012,true,0x3F,false,
"I2C","data",0.06556756,0.0000301,true,,,0xC0
"I2C","data",0.06560738,0.00003012,true,,,0x0A
"I2C","stop",0.06564944,0.00000002,,,,
"I2C","start",0.06565308,0.00000002,,,,
"I2C","address",0.0656559,0.00003012,true,0x3F,false,
"I2C","data",0.06569576,0.0000301,true,,,0xC0
"I2C","data",0.06573558,0.00003008,true,,,0x00
"I2C","stop",0.0657776,0.00000002,,,,
"I2C","start",0.06578124,0.00000002,,,,
"I2C","address",0.06578406,0.00003014,true,0x3F,false,
"I2C","data",0.06582394,0.0000301,true,,,0xC0
"I2C","data",0.06586376,0.00003008,true,,,0x00
"I2C","stop",0.06590578,0.00000002,,,,
"I2C","start",0.06590942,0.00000002,,,,
"I2C","address",0.06591224,0.00003012,true,0x3F,false,
"I2C","data",0.0659521,0.0000301,true,,,0xC0
"I2C","data",0.06599192,0.00003008,true,,,0x00
"I2C","stop",0.06603394,0.00000002,,,,
"I2C","start",0.06603758,0.00000002,,,,
"I2C","address",0.0660404,0.00003014,true,0x3F,false,
"I2C","data",0.06608028,0.0000301,true,,,0xC0
"I2C","data",0.06612012,0.00003008,true,,,0x00
"I2C","stop",0.06616214,0.00000002,,,,
"I2C","start",0.06616578,0.00000002,,,,
"I2C","address",0.0661686,0.00003012,true,0x3F,false,
"I2C","data",0.06620846,0.0000301,true,,,0xC0
"I2C","data",0.0662483,0.00003006,true,,,0x00
"I2C","stop",0.0662903,0.00000002,,,,
"I2C","start",0.06629396,0.00000002,,,,
"I2C","address",0.06629678,0.00003012,true,0x3F,false,
"I2C","data",0.06633664,0.0000301,true,,,0xC0
"I2C","data",0.06637648,0.00003008,true,,,0x00
"I2C","stop",0.0664185,0.00000002,,,,
"I2C","start",0.06642214,0.00000002,,,,
"I2C","address",0.06642496,0.00003012,true,0x3F,false,
"I2C","data",0.06646482,0.0000301,true,,,0xC0
"I2C","data",0.06650464,0.00003012,true,,,0x06
"I2C","stop",0.0665467,0.00000002,,,,
"I2C","start",0.06655034,0.00000002,,,,
"I2C","address",0.06655316,0.00003012,true,0x3F,false,
"I2C","data",0.06659302,0.0000301,true,,,0xC0
"I2C","data",0.06663284,0.0000301,true,,,0x0A
"I2C","stop",0.06667488,0.00000002,,,,
"I2C","start",0.06667852,0.00000002,,,,
"I2C","address",0.06668134,0.00003014,true,0x3F,false,
"I2C","data",0.06672122,0.00003008,true,,,0xC0
"I2C","data",0.06676104,0.00003012,true,,,0x1E
"I2C","stop",0.0668031,0.00000002,,,,
"I2C","start",0.06680676,0.00000002,,,,
"I2C","address",0.06680956,0.00003012,true,0x3F,false,
"I2C","data",0.06684942,0.0000301,true,,,0xC0
"I2C","data",0.06688924,0.0000301,true,,,0x0A
"I2C","stop",0.06693128,0.00000002,,,,
"I2C","start",0.06693494,0.00000002,,,,
"I2C","address",0.06693776,0.00003012,true,0x3F,false,
"I2C","data",0.06697762,0.0000301,true,,,0xC0
"I2C","data",0.06701744,0.00003014,true,,,0x1E
"I2C","stop",0.06705954,0.00000002,,,,
"I2C","start",0.06706318,0.00000002,,,,
"I2C","address",0.067066,0.00003012,true,0x3F,false,
"I2C","data",0.06710586,0.0000301,true,,,0xC0
"I2C","data",0.06714568,0.0000301,true,,,0x12
"I2C","stop",0.06718774,0.00000002,,,,
"I2C","start",0.06719138,0.00000002,,,,
"I2C","address",0.0671942,0.00003014,true,0x3F,false,
"I2C","data",0.06723406,0.0000301,true,,,0xC0
"I2C","data",0.06727388,0.00003014,true,,,0x1E
"I2C","stop",0.06731596,0.00000002,,,,
"I2C","start",0.0673196,0.00000002,,,,
"I2C","address",0.06732242,0.00003012,true,0x3F,false,
"I2C","data",0.06736228,0.0000301,true,,,0xC0
"I2C","data",0.0674021,0.0000301,true,,,0x0C
"I2C","stop",0.06744414,0.00000002,,,,
"I2C","start",0.06744778,0.00000002,,,,
"I2C","address",0.0674506,0.00003014,true,0x3F,false,
"I2C","data",0.06749048,0.00003008,true,,,0xC0
"I2C","data",0.06753028,0.00003008,true,,,0x00
"I2C","stop",0.0675723,0.00000002,,,,
"I2C","start",0.06757594,0.00000002,,,,
"I2C","address",0.06757876,0.00003012,true,0x3F,false,
"I2C","data",0.0676186,0.0000301,true,,,0xC0
"I2C","data",0.06765842,0.00003008,true,,,0x00
"I2C","stop",0.06770044,0.00000002,,,,
"I2C","start",0.06770408,0.00000002,,,,
"I2C","address",0.0677069,0.00003012,true,0x3F,false,
"I2C","data",0.06774678,0.0000301,true,,,0xC0
"I2C","data",0.0677866,0.00003008,true,,,0x00
"I2C","stop",0.06782864,0.00000002,,,,
"I2C","start",0.06783228,0.00000002,,,,
"I2C","address",0.0678351,0.00003012,true,0x3F,false,
"I2C","data",0.06787496,0.0000301,true,,,0xC0
"I2C","data",0.06791478,0.00003008,true,,,0x00
"I2C","stop",0.0679568,0.00000002,,,,
"I2C","start",0.06796046,0.00000002,,,,
"I2C","address",0.06796328,0.00003012,true,0x3F,false,
"I2C","data",0.06800314,0.0000301,true,,,0xC0
"I2C","data",0.06804296,0.00003008,true,,,0x00
"I2C","stop",0.06808498,0.00000002,,,,
"I2C","start",0.06808864,0.00000002,,,,
"I2C","address",0.06809146,0.00003012,true,0x3F,false,
"I2C","data",0.06813132,0.0000301,true,,,0xC0
"I2C","data",0.06817114,0.00003008,true,,,0x00
"I2C","stop",0.06821316,0.00000002,,,,
"I2C","start",0.0682168,0.00000002,,,,
"I2C","address",0.06821962,0.00003014,true,0x3F,false,
"I2C","data",0.06825948,0.0000301,true,,,0xC0
"I2C","data",0.06829932,0.00003006,true,,,0x00
"I2C","stop",0.06834134,0.00000002,,,,
"I2C","start",0.06834498,0.00000002,,,,
"I2C","address",0.0683478,0.00003012,true,0x3F,false,
"I2C","data",0.06838768,0.00003008,true,,,0xC0
"I2C","data",0.06842748,0.00003008,true,,,0x00
"I2C","stop",0.0684695,0.00000002,,,,
"I2C","start",0.06847314,0.00000002,,,,
"I2C","address",0.06847596,0.00003012,true,0x3F,false,
"I2C","data",0.06851582,0.0000301,true,,,0xC0
"I2C","data",0.06855564,0.00003008,true,,,0x00
"I2C","stop",0.06859766,0.00000002,,,,
"I2C","start",0.0686013,0.00000002,,,,
"I2C","address",0.06860412,0.00003014,true,0x3F,false,
"I2C","data",0.068644,0.00003008,true,,,0xC0
"I2C","data",0.06868382,0.00003008,true,,,0x00
"I2C","stop",0.06872584,0.00000002,,,,
"I2C","start",0.0687295,0.00000002,,,,
"I2C","address",0.06873232,0.00003014,true,0x3F,false,
"I2C","data",0.0687722,0.0000301,true,,,0xC0
"I2C","data",0.06881202,0.0000301,true,,,0x00
"I2C","stop",0.06885406,0.00000002,,,,
"I2C","start",0.0688577,0.00000002,,,,
"I2C","address",0.06886052,0.00003014,true,0x3F,false,
"I2C","data",0.0689004,0.0000301,true,,,0xC0
"I2C","data",0.06894022,0.0000301,true,,,0x00
"I2C","stop",0.06898226,0.00000002,,,,
"I2C","start",0.0689859,0.00000002,,,,
"I2C","address",0.06898872,0.00003012,true,0x3F,false,
"I2C","data",0.06902858,0.0000301,true,,,0xC0
"I2C","data",0.0690684,0.00003008,true,,,0x00
"I2C","stop",0.06911042,0.00000002,,,,
"I2C","start",0.06911408,0.00000002,,,,
"I2C","address",0.0691169,0.00003012,true,0x3F,false,
"I2C","data",0.06915676,0.0000301,true,,,0xC0
"I2C","data",0.0691966,0.00003008,true,,,0x00
"I2C","stop",0.06923862,0.00000002,,,,
"I2C","start",0.06924226,0.00000002,,,,
"I2C","address",0.06924508,0.00003014,true,0x3F,false,
"I2C","data",0.06928496,0.00003008,true,,,0xC0
"I2C","data",0.06932478,0.00003006,true,,,0x00
"I2C","stop",0.06936678,0.00000002,,,,
"I2C","start",0.06937044,0.00000002,,,,
"I2C","address",0.06937324,0.00003012,true,0x3F,false,
"I2C","data",0.0694131,0.0000301,true,,,0xC0
"I2C","data",0.06945292,0.00003006,true,,,0x00
"I2C","stop",0.06949492,0.00000002,,,,
"I2C","start",0.06949856,0.00000002,,,,
"I2C","address",0.06950138,0.00003012,true,0x3F,false,
"I2C","data",0.06954124,0.0000301,true,,,0xC0
"I2C","data",0.06958106,0.00003008,true,,,0x00
"I2C","stop",0.06962306,0.00000002,,,,
"I2C","start",0.06962672,0.00000002,,,,
"I2C","address",0.06962954,0.0000301,true,0x3F,false,
"I2C","data",0.06966938,0.00003008,true,,,0xC0
"I2C","data",0.0697092,0.00003008,true,,,0x00
"I2C","stop",0.06975122,0.00000002,,,,
"I2C","start",0.06975486,0.00000002,,,,
"I2C","address",0.06975768,0.00003012,true,0x3F,false,
"I2C","data",0.06979754,0.0000301,true,,,0xC0
"I2C","data",0.06983736,0.00003008,true,,,0x00
"I2C","stop",0.06987938,0.00000002,,,,
"I2C","start",0.08790122,0.00000002,,,,
"I2C","address",0.08790408,0.00003012,true,0x3F,false,
"I2C","data",0.08794394,0.00003008,true,,,0x80
"I2C","data",0.08798376,0.0000301,true,,,0xB0
"I2C","stop",0.0880258,0.00000002,,,,
"I2C","start",0.088029,0.00000002,,,,
"I2C","address",0.08803188,0.00003012,true,0x3F,false,
"I2C","data",0.08807174,0.00003006,true,,,0x80
"I2C","data",0.08811152,0.0000301,true,,,0x10
"I2C","stop",0.08815356,0.00000002,,,,
"I2C","start",0.0881568,0.00000002,,,,
"I2C","address",0.08815968,0.00003012,true,0x3F,false,
"I2C","data",0.08819952,0.00003008,true,,,0x80
"I2C","data",0.08823932,0.00003008,true,,,0x00
"I2C","stop",0.08828134,0.00000002,,,,
"I2C","start",0.08828486,0.00000002,,,,
"I2C","address",0.08828772,0.00003012,true,0x3F,false,
"I2C","data",0.08832758,0.0000301,true,,,0xC0
"I2C","data",0.0883674,0.00003006,true,,,0x00
"I2C","stop",0.0884094,0.00000002,,,,
"I2C","start",0.08841304,0.00000002,,,,
"I2C","address",0.08841586,0.00003014,true,0x3F,false,
"I2C","data",0.08845574,0.00003008,true,,,0xC0
"I2C","data",0.08849554,0.00003008,true,,,0x00
"I2C","stop",0.08853756,0.00000002,,,,
"I2C","start",0.0885412,0.00000002,,,,
"I2C","address",0.08854402,0.00003012,true,0x3F,false,
"I2C","data",0.08858388,0.0000301,true,,,0xC0
"I2C","data",0.0886237,0.00003008,true,,,0x00
"I2C","stop",0.08866572,0.00000002,,,,
"I2C","start",0.08866936,0.00000002,,,,
"I2C","address",0.08867218,0.00003012,true,0x3F,false,
"I2C","data",0.08871204,0.0000301,true,,,0xC0
"I2C","data",0.08875186,0.00003006,true,,,0x00
"I2C","stop",0.08879386,0.00000002,,,,
"I2C","start",0.0887975,0.00000002,,,,
"I2C","address",0.08880032,0.00003012,true,0x3F,false,
"I2C","data",0.08884018,0.0000301,true,,,0xC0
"I2C","data",0.08888,0.00003008,true,,,0x00
"I2C","stop",0.08892202,0.00000002,,,,
"I2C","start",0.08892566,0.00000002,,,,
"I2C","address",0.08892848,0.00003012,true,0x3F,false,
"I2C","data",0.08896834,0.00003008,true,,,0xC0
"I2C","data",0.08900816,0.00003008,true,,,0x00
"I2C","stop",0.08905018,0.00000002,,,,
"I2C","start",0.08905382,0.00000002,,,,
"I2C","address",0.08905664,0.00003012,true,0x3F,false,
"I2C","data",0.0890965,0.00003008,true,,,0xC0
"I2C","data",0.08913632,0.00003006,true,,,0x00
"I2C","stop",0.08917832,0.00000002,,,,
"I2C","start",0.08918198,0.00000002,,,,
"I2C","address",0.0891848,0.00003012,true,0x3F,false,
"I2C","data",0.08922466,0.00003008,true,,,0xC0
"I2C","data",0.08926446,0.00003008,true,,,0x00
"I2C","stop",0.08930648,0.00000002,,,,
"I2C","start",0.08931012,0.00000002,,,,
"I2C","address",0.08931294,0.00003012,true,0x3F,false,
"I2C","data",0.0893528,0.0000301,true,,,0xC0
"I2C","data",0.08939262,0.00003008,true,,,0x00
"I2C","stop",0.08943464,0.00000002,,,,
"I2C","start",0.08943828,0.00000002,,,,
"I2C","address",0.0894411,0.00003012,true,0x3F,false,
"I2C","data",0.08948096,0.00003008,true,,,0xC0
"I2C","data",0.08952076,0.00003008,true,,,0x00
"I2C","stop",0.08956278,0.00000002,,,,
"I2C","start",0.08956642,0.00000002,,,,
"I2C","address",0.08956924,0.00003012,true,0x3F,false,
"I2C","data",0.0896091,0.0000301,true,,,0xC0
"I2C","data",0.08964892,0.00003008,true,,,0x00
"I2C","stop",0.08969092,0.00000002,,,,
"I2C","start",0.08969458,0.00000002,,,,
"I2C","address",0.0896974,0.00003012,true,0x3F,false,
"I2C","data",0.08973726,0.00003008,true,,,0xC0
"I2C","data",0.08977706,0.00003008,true,,,0x00
"I2C","stop",0.08981908,0.00000002,,,,
"I2C","start",0.08982272,0.00000002,,,,
"I2C","address",0.08982554,0.00003012,true,0x3F,false,
"I2C","data",0.0898654,0.0000301,true,,,0xC0
"I2C","data",0.08990522,0.00003006,true,,,0x00
"I2C","stop",0.08994722,0.00000002,,,,
"I2C","start",0.08995088,0.00000002,,,,
"I2C","address",0.0899537,0.00003012,true,0x3F,false,
"I2C","data",0.08999356,0.00003008,true,,,0xC0
"I2C","data",0.09003338,0.00003008,true,,,0x00
"I2C","stop",0.0900754,0.00000002,,,,
"I2C","start",0.09007904,0.00000002,,,,
"I2C","address",0.09008186,0.00003012,true,0x3F,false,
"I2C","data",0.09012172,0.0000301,true,,,0xC0
"I2C","data",0.09016154,0.00003008,true,,,0x00
"I2C","stop",0.09020356,0.00000002,,,,
"I2C","start",0.0902072,0.00000002,,,,
"I2C","address",0.09021002,0.00003012,true,0x3F,false,
"I2C","data",0.0902499,0.00003008,true,,,0xC0
"I2C","data",0.0902897,0.00003008,true,,,0x00
"I2C","stop",0.09033174,0.00000002,,,,
"I2C","start",0.09033538,0.00000002,,,,
"I2C","address",0.0903382,0.00003012,true,0x3F,false,
"I2C","data",0.09037806,0.0000301,true,,,0xC0
"I2C","data",0.09041788,0.00003008,true,,,0x00
"I2C","stop",0.0904599,0.00000002,,,,
"I2C","start",0.09046356,0.00000002,,,,
"I2C","address",0.09046638,0.00003012,true,0x3F,false,
"I2C","data",0.09050624,0.0000301,true,,,0xC0
"I2C","data",0.09054606,0.00003008,true,,,0x00
"I2C","stop",0.09058808,0.00000002,,,,
"I2C","start",0.09059172,0.00000002,,,,
"I2C","address",0.09059454,0.00003012,true,0x3F,false,
"I2C","data",0.09063442,0.0000301,true,,,0xC0
"I2C","data",0.09067424,0.00003008,true,,,0x00
"I2C","stop",0.09071626,0.00000002,,,,
"I2C","start",0.0907199,0.00000002,,,,
"I2C","address",0.09072272,0.00003012,true,0x3F,false,
"I2C","data",0.09076258,0.00003008,true,,,0xC0
"I2C","data",0.0908024,0.00003006,true,,,0x00
"I2C","stop",0.0908444,0.00000002,,,,
"I2C","start",0.09084804,0.00000002,,,,
"I2C","address",0.09085086,0.00003014,true,0x3F,false,
"I2C","data",0.09089074,0.0000301,true,,,0xC0
"I2C","data",0.09093056,0.00003008,true,,,0x00
"I2C","stop",0.09097258,0.00000002,,,,
"I2C","start",0.09097622,0.00000002,,,,
"I2C","address",0.09097906,0.00003012,true,0x3F,false,
"I2C","data",0.09101892,0.0000301,true,,,0xC0
"I2C","data",0.09105874,0.00003008,true,,,0x00
"I2C","stop",0.09110076,0.00000002,,,,
"I2C","start",0.0911044,0.00000002,,,,
"I2C","address",0.09110722,0.00003782,true,0x3F,false,
"I2C","data",0.09115478,0.00003008,true,,,0xC0
"I2C","data",0.0911946,0.00003006,true,,,0x00
"I2C","stop",0.0912366,0.00000002,,,,
"I2C","start",0.09124026,0.00000002,,,,
"I2C","address",0.09124308,0.00003012,true,0x3F,false,
"I2C","data",0.09128294,0.00003008,true,,,0xC0
"I2C","data",0.09132274,0.00003008,true,,,0x00
"I2C","stop",0.09136478,0.00000002,,,,
"I2C","start",0.09136842,0.00000002,,,,
"I2C","address",0.09137124,0.00003012,true,0x3F,false,
"I2C","data",0.0914111,0.0000301,true,,,0xC0
"I2C","data",0.09145092,0.00003014,true,,,0x1E
"I2C","stop",0.091493,0.00000002,,,,
"I2C","start",0.09149664,0.00000002,,,,
"I2C","address",0.09149946,0.00003012,true,0x3F,false,
"I2C","data",0.09153932,0.0000301,true,,,0xC0
"I2C","data",0.09157914,0.0000301,true,,,0x08
"I2C","stop",0.09162118,0.00000002,,,,
"I2C","start",0.09162484,0.00000002,,,,
"I2C","address",0.09162766,0.00003012,true,0x3F,false,
"I2C","data",0.09166752,0.0000301,true,,,0xC0
"I2C","data",0.09170734,0.00003008,true,,,0x00
"I2C","stop",0.09174936,0.00000002,,,,
"I2C","start",0.091753,0.00000002,,,,
"I2C","address",0.09175582,0.00003012,true,0x3F,false,
"I2C","data",0.09179568,0.0000301,true,,,0xC0
"I2C","data",0.0918355,0.00003008,true,,,0x00
"I2C","stop",0.09187752,0.00000002,,,,
"I2C","start",0.09188116,0.00000002,,,,
"I2C","address",0.09188398,0.00003012,true,0x3F,false,
"I2C","data",0.09192384,0.0000301,true,,,0xC0
"I2C","data",0.09196366,0.00003008,true,,,0x00
"I2C","stop",0.09200568,0.00000002,,,,
"I2C","start",0.09200934,0.00000002,,,,
"I2C","address",0.09201216,0.00003012,true,0x3F,false,
"I2C","data",0.09205202,0.0000301,true,,,0xC0
"I2C","data",0.09209184,0.00003008,true,,,0x00
"I2C","stop",0.09213386,0.00000002,,,,
"I2C","start",0.0921375,0.00000002,,,,
"I2C","address",0.09214032,0.00003012,true,0x3F,false,
"I2C","data",0.09218018,0.00003008,true,,,0xC0
"I2C","data",0.09221998,0.00003008,true,,,0x00
"I2C","stop",0.09226198,0.00000002,,,,
"I2C","start",0.09226564,0.00000002,,,,
"I2C","address",0.09226846,0.00003012,true,0x3F,false,
"I2C","data",0.09230832,0.0000301,true,,,0xC0
"I2C","data",0.09234814,0.00003008,true,,,0x00
"I2C","stop",0.09239016,0.00000002,,,,
"I2C","start",0.0923938,0.00000002,,,,
"I2C","address",0.09239662,0.00003014,true,0x3F,false,
"I2C","data",0.0924365,0.0000301,true,,,0xC0
"I2C","data",0.09247632,0.00003008,true,,,0x00
"I2C","stop",0.09251834,0.00000002,,,,
"I2C","start",0.09252198,0.00000002,,,,
"I2C","address",0.0925248,0.00003012,true,0x3F,false,
"I2C","data",0.09256466,0.0000301,true,,,0xC0
"I2C","data",0.0926045,0.00003006,true,,,0x00
"I2C","stop",0.0926465,0.00000002,,,,
"I2C","start",0.09265016,0.00000002,,,,
"I2C","address",0.09265296,0.00003014,true,0x3F,false,
"I2C","data",0.09269284,0.00003008,true,,,0xC0
"I2C","data",0.09273266,0.00003006,true,,,0x00
"I2C","stop",0.09277466,0.00000002,,,,
"I2C","start",0.09277832,0.00000002,,,,
"I2C","address",0.09278114,0.00003012,true,0x3F,false,
"I2C","data",0.092821,0.0000301,true,,,0xC0
"I2C","data",0.09286082,0.00003008,true,,,0x04
"I2C","stop",0.09290284,0.00000002,,,,
"I2C","start",0.0929065,0.00000002,,,,
"I2C","address",0.09290932,0.00003012,true,0x3F,false,
"I2C","data",0.09294918,0.00003008,true,,,0xC0
"I2C","data",0.09298898,0.00003012,true,,,0x1A
"I2C","stop",0.09303104,0.00000002,,,,
"I2C","start",0.09303468,0.00000002,,,,
"I2C","address",0.0930375,0.00003012,true,0x3F,false,
"I2C","data",0.09307736,0.00003008,true,,,0xC0
"I2C","data",0.09311718,0.0000301,true,,,0x1C
"I2C","stop",0.09315922,0.00000002,,,,
"I2C","start",0.09316286,0.00000002,,,,
"I2C","address",0.09316568,0.00003012,true,0x3F,false,
"I2C","data",0.09320554,0.00003008,true,,,0xC0
"I2C","data",0.09324536,0.00003006,true,,,0x00
"I2C","stop",0.09328736,0.00000002,,,,
"I2C","start",0.093291,0.00000002,,,,
"I2C","address",0.09329382,0.00003012,true,0x3F,false,
"I2C","data",0.09333368,0.00003008,true,,,0xC0
"I2C","data",0.0933735,0.00003006,true,,,0x00
"I2C","stop",0.09341548,0.00000002,,,,
"I2C","start",0.09341914,0.00000002,,,,
"I2C","address",0.09342194,0.00003012,true,0x3F,false,
"I2C","data",0.0934618,0.00003008,true,,,0xC0
"I2C","data",0.09350162,0.00003006,true,,,0x00
"I2C","stop",0.09354362,0.00000002,,,,
"I2C","start",0.09354726,0.00000002,,,,
"I2C","address",0.09355008,0.00003012,true,0x3F,false,
"I2C","data",0.09358994,0.00003008,true,,,0xC0
"I2C","data",0.09362974,0.00003006,true,,,0x00
"I2C","stop",0.09367174,0.00000002,,,,
"I2C","start",0.0936754,0.00000002,,,,
"I2C","address",0.0936782,0.00003012,true,0x3F,false,
"I2C","data",0.09371806,0.0000301,true,,,0xC0
"I2C","data",0.09375788,0.00003006,true,,,0x00
"I2C","stop",0.09379988,0.00000002,,,,
"I2C","start",0.09380352,0.00000002,,,,
"I2C","address",0.09380634,0.00003012,true,0x3F,false,
"I2C","data",0.0938462,0.0000301,true,,,0xC0
"I2C","data",0.09388602,0.00003006,true,,,0x00
"I2C","stop",0.09392802,0.00000002,,,,
"I2C","start",0.09393166,0.00000002,,,,
"I2C","address",0.09393448,0.00003012,true,0x3F,false,
"I2C","data",0.09397434,0.0000301,true,,,0xC0
"I2C","data",0.09401416,0.00003006,true,,,0x00
"I2C","stop",0.09405616,0.00000002,,,,
"I2C","start",0.0940598,0.00000002,,,,
"I2C","address",0.09406262,0.00003012,true,0x3F,false,
"I2C","data",0.09410248,0.00003008,true,,,0xC0
"I2C","data",0.0941423,0.00003006,true,,,0x00
"I2C","stop",0.0941843,0.00000002,,,,
"I2C","start",0.09418796,0.00000002,,,,
"I2C","address",0.09419076,0.00003012,true,0x3F,false,
"I2C","data",0.09423062,0.00003008,true,,,0xC0
"I2C","data",0.09427042,0.00003008,true,,,0x00
"I2C","stop",0.09431244,0.00000002,,,,
"I2C","start",0.09431608,0.00000002,,,,
"I2C","address",0.0943189,0.00003012,true,0x3F,false,
"I2C","data",0.09435876,0.00003008,true,,,0xC0
"I2C","data",0.09439858,0.00003006,true,,,0x00
"I2C","stop",0.09444058,0.00000002,,,,
"I2C","start",0.09444424,0.00000002,,,,
"I2C","address",0.09444706,0.0000301,true,0x3F,false,
"I2C","data",0.0944869,0.0000301,true,,,0xC0
"I2C","data",0.09452672,0.0000301,true,,,0x12
"I2C","stop",0.09456876,0.00000002,,,,
"I2C","start",0.0945724,0.00000002,,,,
"I2C","address",0.09457522,0.00003014,true,0x3F,false,
"I2C","data",0.0946151,0.00003008,true,,,0xC0
"I2C","data",0.09465492,0.00003014,true,,,0x1E
"I2C","stop",0.094697,0.00000002,,,,
"I2C","start",0.09470064,0.00000002,,,,
"I2C","address",0.09470346,0.00003014,true,0x3F,false,
"I2C","data",0.09474334,0.0000301,true,,,0xC0
"I2C","data",0.09478316,0.00003014,true,,,0x1E
"I2C","stop",0.09482524,0.00000002,,,,
"I2C","start",0.09482888,0.00000002,,,,
"I2C","address",0.0948317,0.00003014,true,0x3F,false,
"I2C","data",0.09487158,0.0000301,true,,,0xC0
"I2C","data",0.0949114,0.00003012,true,,,0x1E
"I2C","stop",0.09495346,0.00000002,,,,
"I2C","start",0.09495712,0.00000002,,,,
"I2C","address",0.09495994,0.0000301,true,0x3F,false,
"I2C","data",0.09499978,0.0000301,true,,,0xC0
"I2C","data",0.0950396,0.0000301,true,,,0x06
"I2C","stop",0.09508164,0.00000002,,,,
"I2C","start",0.0950853,0.00000002,,,,
"I2C","address",0.09508812,0.00003012,true,0x3F,false,
"I2C","data",0.09512798,0.00003008,true,,,0xC0
"I2C","data",0.0951678,0.00003012,true,,,0x1C
"I2C","stop",0.09520986,0.00000002,,,,
"I2C","start",0.0952135,0.00000002,,,,
"I2C","address",0.09521632,0.00003014,true,0x3F,false,
"I2C","data",0.0952562,0.00003008,true,,,0xC0
"I2C","data",0.095296,0.00003012,true,,,0x16
"I2C","stop",0.09533806,0.00000002,,,,
"I2C","start",0.09534172,0.00000002,,,,
"I2C","address",0.09534454,0.0000301,true,0x3F,false,
"I2C","data",0.09538438,0.00003008,true,,,0xC0
"I2C","data",0.0954242,0.0000301,true,,,0x1A
"I2C","stop",0.09546624,0.00000002,,,,
"I2C","start",0.0954699,0.00000002,,,,
"I2C","address",0.0954727,0.00003012,true,0x3F,false,
"I2C","data",0.09551256,0.0000301,true,,,0xC0
"I2C","data",0.09555238,0.00003012,true,,,0x0A
"I2C","stop",0.09559444,0.00000002,,,,
"I2C","start",0.09559808,0.00000002,,,,
"I2C","address",0.0956009,0.00003012,true,0x3F,false,
"I2C","data",0.09564076,0.0000301,true,,,0xC0
"I2C","data",0.0956806,0.00003008,true,,,0x00
"I2C","stop",0.09572262,0.00000002,,,,
"I2C","start",0.09572626,0.00000002,,,,
"I2C","address",0.09572908,0.00003012,true,0x3F,false,
"I2C","data",0.09576896,0.00003008,true,,,0xC0
"I2C","data",0.09580876,0.00003008,true,,,0x00
"I2C","stop",0.09585078,0.00000002,,,,
"I2C","start",0.09585442,0.00000002,,,,
"I2C","address",0.09585724,0.00003012,true,0x3F,false,
"I2C","data",0.0958971,0.0000301,true,,,0xC0
"I2C","data",0.09593692,0.00003008,true,,,0x00
"I2C","stop",0.09597894,0.00000002,,,,
"I2C","start",0.0959826,0.00000002,,,,
"I2C","address",0.0959854,0.00003014,true,0x3F,false,
"I2C","data",0.09602528,0.0000301,true,,,0xC0
"I2C","data",0.0960651,0.00003008,true,,,0x00
"I2C","stop",0.09610712,0.00000002,,,,
"I2C","start",0.09611076,0.00000002,,,,
"I2C","address",0.09611358,0.00003012,true,0x3F,false,
"I2C","data",0.09615344,0.00003008,true,,,0xC0
"I2C","data",0.09619324,0.00003008,true,,,0x00
"I2C","stop",0.09623526,0.00000002,,,,
"I2C","start",0.09623892,0.00000002,,,,
"I2C","address",0.09624172,0.00003014,true,0x3F,false,
"I2C","data",0.0962816,0.0000301,true,,,0xC0
"I2C","data",0.09632142,0.00003012,true,,,0x0A
"I2C","stop",0.09636348,0.00000002,,,,
"I2C","start",0.09636712,0.00000002,,,,
"I2C","address",0.09636994,0.00003012,true,0x3F,false,
"I2C","data",0.0964098,0.0000301,true,,,0xC0
"I2C","data",0.09644962,0.00003008,true,,,0x00
"I2C","stop",0.09649164,0.00000002,,,,
"I2C","start",0.09649528,0.00000002,,,,
"I2C","address",0.0964981,0.00003012,true,0x3F,false,
"I2C","data",0.09653796,0.0000301,true,,,0xC0
"I2C","data",0.09657778,0.00003008,true,,,0x00
"I2C","stop",0.0966198,0.00000002,,,,
"I2C","start",0.09662346,0.00000002,,,,
"I2C","address",0.09662628,0.00003012,true,0x3F,false,
"I2C","data",0.09666614,0.0000301,true,,,0xC0
"I2C","data",0.09670596,0.00003008,true,,,0x00
"I2C","stop",0.09674798,0.00000002,,,,
"I2C","start",0.09675162,0.00000002,,,,
"I2C","address",0.09675444,0.00003012,true,0x3F,false,
"I2C","data",0.09679432,0.00003008,true,,,0xC0
"I2C","data",0.09683414,0.00003006,true,,,0x00
"I2C","stop",0.09687616,0.00000002,,,,
"I2C","start",0.0968798,0.00000002,,,,
"I2C","address",0.09688262,0.00003012,true,0x3F,false,
"I2C","data",0.09692248,0.0000301,true,,,0xC0
"I2C","data",0.0969623,0.00003008,true,,,0x00
"I2C","stop",0.09700432,0.00000002,,,,
"I2C","start",0.09700796,0.00000002,,,,
"I2C","address",0.09701078,0.00003012,true,0x3F,false,
"I2C","data",0.09705064,0.0000301,true,,,0xC0
"I2C","data",0.09709046,0.00003006,true,,,0x00
"I2C","stop",0.09713246,0.00000002,,,,
"I2C","start",0.09713612,0.00000002,,,,
"I2C","address",0.09713894,0.0000301,true,0x3F,false,
"I2C","data",0.09717878,0.00003008,true,,,0xC0
"I2C","data",0.0972186,0.0000301,true,,,0x06
"I2C","stop",0.09726064,0.00000002,,,,
"I2C","start",0.09726428,0.00000002,,,,
"I2C","address",0.0972671,0.00003012,true,0x3F,false,
"I2C","data",0.09730696,0.00003008,true,,,0xC0
"I2C","data",0.09734676,0.0000301,true,,,0x0A
"I2C","stop",0.0973888,0.00000002,,,,
"I2C","start",0.09739244,0.00000002,,,,
"I2C","address",0.09739526,0.00003012,true,0x3F,false,
"I2C","data",0.09743512,0.00003008,true,,,0xC0
"I2C","data",0.09747492,0.00003014,true,,,0x1E
"I2C","stop",0.097517,0.00000002,,,,
"I2C","start",0.09752064,0.00000002,,,,
"I2C","address",0.09752346,0.00003012,true,0x3F,false,
"I2C","data",0.09756332,0.00003008,true,,,0xC0
"I2C","data",0.09760312,0.00003012,true,,,0x0A
"I2C","stop",0.09764518,0.00000002,,,,
"I2C","start",0.09764882,0.00000002,,,,
"I2C","address",0.09765164,0.00003012,true,0x3F,false,
"I2C","data",0.0976915,0.00003008,true,,,0xC0
"I2C","data",0.0977313,0.00003014,true,,,0x1E
"I2C","stop",0.09777338,0.00000002,,,,
"I2C","start",0.09777702,0.00000002,,,,
"I2C","address",0.09777984,0.00003012,true,0x3F,false,
"I2C","data",0.0978197,0.00003008,true,,,0xC0
"I2C","data",0.0978595,0.0000301,true,,,0x12
"I2C","stop",0.09790154,0.00000002,,,,
"I2C","start",0.0979052,0.00000002,,,,
"I2C","address",0.09790802,0.00003012,true,0x3F,false,
"I2C","data",0.09794788,0.00003008,true,,,0xC0
"I2C","data",0.09798768,0.00003014,true,,,0x1E
"I2C","stop",0.09802974,0.00000002,,,,
"I2C","start",0.0980334,0.00000002,,,,
"I2C","address",0.09803622,0.0000301,true,0x3F,false,
"I2C","data",0.09807606,0.0000301,true,,,0xC0
"I2C","data",0.09811588,0.0000301,true,,,0x0C
"I2C","stop",0.09815792,0.00000002,,,,
"I2C","start",0.09816156,0.00000002,,,,
"I2C","address",0.09816438,0.0000301,true,0x3F,false,
"I2C","data",0.09820422,0.00003008,true,,,0xC0
"I2C","data",0.09824402,0.00003008,true,,,0x00
"I2C","stop",0.09828604,0.00000002,,,,
"I2C","start",0.09828968,0.00000002,,,,
"I2C","address",0.0982925,0.00003012,true,0x3F,false,
"I2C","data",0.09833236,0.0000301,true,,,0xC0
"I2C","data",0.09837218,0.00003008,true,,,0x00
"I2C","stop",0.0984142,0.00000002,,,,
"I2C","start",0.09841784,0.00000002,,,,
"I2C","address",0.09842066,0.00003014,true,0x3F,false,
"I2C","data",0.09846054,0.0000301,true,,,0xC0
"I2C","data",0.09850036,0.00003008,true,,,0x00
"I2C","stop",0.09854238,0.00000002,,,,
"I2C","start",0.09854602,0.00000002,,,,
"I2C","address",0.09854884,0.00003012,true,0x3F,false,
"I2C","data",0.0985887,0.0000301,true,,,0xC0
"I2C","data",0.09862854,0.00003006,true,,,0x00
"I2C","stop",0.09867056,0.00000002,,,,
"I2C","start",0.0986742,0.00000002,,,,
"I2C","address",0.09867702,0.00003012,true,0x3F,false,
"I2C","data",0.09871688,0.0000301,true,,,0xC0
"I2C","data",0.09875672,0.00003006,true,,,0x00
"I2C","stop",0.09879872,0.00000002,,,,
"I2C","start",0.09880238,0.00000002,,,,
"I2C","address",0.0988052,0.00003012,true,0x3F,false,
"I2C","data",0.09884506,0.0000301,true,,,0xC0
"I2C","data",0.09888488,0.00003008,true,,,0x00
"I2C","stop",0.09892692,0.00000002,,,,
"I2C","start",0.09893056,0.00000002,,,,
"I2C","address",0.09893338,0.00003012,true,0x3F,false,
"I2C","data",0.09897324,0.0000301,true,,,0xC0
"I2C","data",0.09901306,0.00003008,true,,,0x00
"I2C","stop",0.09905508,0.00000002,,,,
"I2C","start",0.09905872,0.00000002,,,,
"I2C","address",0.09906154,0.00003012,true,0x3F,false,
"I2C","data",0.0991014,0.00003008,true,,,0xC0
"I2C","data",0.0991412,0.00003008,true,,,0x00
"I2C","stop",0.09918322,0.00000002,,,,
"I2C","start",0.09918686,0.00000002,,,,
"I2C","address",0.09918968,0.00003012,true,0x3F,false,
"I2C","data",0.09922954,0.00003008,true,,,0xC0
"I2C","data",0.09926936,0.00003006,true,,,0x00
"I2C","stop",0.09931136,0.00000002,,,,
"I2C","start",0.09931502,0.00000002,,,,
"I2C","address",0.09931784,0.00003012,true,0x3F,false,
"I2C","data",0.0993577,0.0000301,true,,,0xC0
"I2C","data",0.09939754,0.00003006,true,,,0x00
"I2C","stop",0.09943954,0.00000002,,,,
"I2C","start",0.09944318,0.00000002,,,,
"I2C","address",0.099446,0.00003014,true,0x3F,false,
"I2C","data",0.09948588,0.0000301,true,,,0xC0
"I2C","data",0.0995257,0.0000301,true,,,0x00
"I2C","stop",0.09956774,0.00000002,,,,
"I2C","start",0.09957138,0.00000002,,,,
"I2C","address",0.0995742,0.00003014,true,0x3F,false,
"I2C","data",0.09961408,0.00003008,true,,,0xC0
"I2C","data",0.0996539,0.00003008,true,,,0x00
"I2C","stop",0.09969592,0.00000002,,,,
"I2C","start",0.09969956,0.00000002,,,,
"I2C","address",0.09970238,0.00003012,true,0x3F,false,
"I2C","data",0.09974224,0.00003008,true,,,0xC0
"I2C","data",0.09978206,0.00003006,true,,,0x00
"I2C","stop",0.09982406,0.00000002,,,,
"I2C","start",0.09982772,0.00000002,,,,
"I2C","address",0.09983054,0.00003012,true,0x3F,false,
"I2C","data",0.0998704,0.00003008,true,,,0xC0
"I2C","data",0.0999102,0.00003008,true,,,0x00
"I2C","stop",0.09995222,0.00000002,,,,
"I2C","start",0.09995586,0.00000002,,,,
"I2C","address",0.09995868,0.00003012,true,0x3F,false,
"I2C","data",0.09999854,0.00003008,true,,,0xC0
"I2C","data",0.10003836,0.00003006,true,,,0x00
"I2C","stop",0.10008036,0.00000002,,,,
"I2C","start",0.100084,0.00000002,,,,
"I2C","address",0.10008682,0.00003012,true,0x3F,false,
"I2C","data",0.10012668,0.0000301,true,,,0xC0
"I2C","data",0.10016652,0.00003008,true,,,0x00
"I2C","stop",0.10020854,0.00000002,,,,
"I2C","start",0.10021218,0.00000002,,,,
"I2C","address",0.100215,0.00003012,true,0x3F,false,
"I2C","data",0.10025486,0.0000301,true,,,0xC0
"I2C","data",0.10029468,0.00003008,true,,,0x00
"I2C","stop",0.1003367,0.00000002,,,,
"I2C","start",0.10034034,0.00000002,,,,
"I2C","address",0.10034316,0.00003014,true,0x3F,false,
"I2C","data",0.10038304,0.00003008,true,,,0xC0
"I2C","data",0.10042286,0.00003008,true,,,0x00
"I2C","stop",0.10046488,0.00000002,,,,
"I2C","start",0.10046852,0.00000002,,,,
"I2C","address",0.10047134,0.00003014,true,0x3F,false,
"I2C","data",0.10051122,0.0000301,true,,,0xC0
"I2C","data",0.10055104,0.00003008,true,,,0x00
"I2C","stop",0.10059306,0.00000002,,,,
